id,icelandicName,type,status,verdict,url
44,aage,DR,Sam,,
1832,aagot,ST,Sam,,
5248,aaliyah,ST,Sam,09.12.2021,
5589,aariah,ST,Haf,07.06.2023,https://www.stjornarradid.is/gogn/urskurdir-og-alit-/stakur-urskurdur/?newsid=c4372a95-14e9-11ee-9bbb-005056bc4727&cname=Mannanafnanefnd&cid=e219adf8-4214-11e7-941a-005056bc530c
1,aaron,DR,Haf,,
4338,aaron,DR,Sam,26.08.2013,
1774,abel,MI,Haf,,
3416,abel,DR,Sam,,
3417,abel,ST,Haf,,
4795,abel,ST,Sam,16.10.2018,
1833,abela,ST,Sam,,
3881,abigael,ST,Sam,06.02.2009,
3477,abigail,ST,Haf,18.12.2003,
45,abraham,DR,Sam,,
1834,ada,ST,Sam,,
46,adam,DR,Sam,,
1835,adda,ST,Sam,,
47,addi,DR,Sam,,
4328,addú,ST,Sam,06.06.2013,
1836,addý,ST,Sam,,
3521,adel,DR,Sam,08.07.2004,
1837,adela,ST,Sam,,
5372,adele,ST,Sam,24.05.2022,
4297,adelía,ST,Sam,11.12.2012,
5388,adil,DR,Sam,20.06.2022,
4477,adolf,DR,Sam,,
5469,adolfína,ST,Sam,05.01.2023,https://www.stjornarradid.is/gogn/urskurdir-og-alit-/stakur-urskurdur/?newsid=6550c516-934c-11ed-9bb4-005056bc4727&cname=Mannanafnanefnd&cid=e219adf8-4214-11e7-941a-005056bc530c
5477,adolph,RDR,Sam,09.02.2023,https://www.stjornarradid.is/gogn/urskurdir-og-alit-/stakur-urskurdur/?newsid=7f842197-ab8c-11ed-9bb5-f992086adea7&cname=Mannanafnanefnd&cid=e219adf8-4214-11e7-941a-005056bc530c
2,adrian,DR,Haf,21.01.2010,
4644,adrian,DR,Sam,06.01.2017,
4080,adriana,ST,Haf,06.05.2016,
5844,adriana,ST,Sam,07.03.2024,https://www.stjornarradid.is/gogn/urskurdir-og-alit-/stakur-urskurdur/?newsid=be1297ba-e1e4-11ee-b883-005056bcde1f&cname=Mannanafnanefnd&cid=e219adf8-4214-11e7-941a-005056bc530c
50,adrían,DR,Sam,21.01.2010,
3929,adríana,ST,Sam,14.05.2009,
5359,adríanna,ST,Sam,26.04.2022,
51,adríel,DR,Sam,,
48,adíel,DR,Sam,,
49,adólf,DR,Sam,,
8545,aelía,ST,Sam,30.07.2026,
5886,aftur,DR,Haf,13.03.2024,https://www.stjornarradid.is/gogn/urskurdir-og-alit-/stakur-urskurdur/?newsid=e7d8d862-e1f1-11ee-b883-005056bcde1f&cname=Mannanafnanefnd&cid=e219adf8-4214-11e7-941a-005056bc530c
5887,aftur,MI,Haf,13.03.2024,https://www.stjornarradid.is/gogn/urskurdir-og-alit-/stakur-urskurdur/?newsid=e7d8d862-e1f1-11ee-b883-005056bcde1f&cname=Mannanafnanefnd&cid=e219adf8-4214-11e7-941a-005056bc530c
7102,aftur,DR,Haf,23.05.2025,
1846,agata,ST,Sam,,
1702,agatha,RST,Sam,,
5487,agl,KH,Sam,09.02.2023,https://www.stjornarradid.is/gogn/urskurdir-og-alit-/stakur-urskurdur/?newsid=3d560a2d-ab8f-11ed-9bb5-f992086adea7&cname=Mannanafnanefnd&cid=e219adf8-4214-11e7-941a-005056bc530c
1848,agla,ST,Sam,,
60,agnar,DR,Sam,,
1849,agnea,ST,Sam,,
1850,agnes,ST,Sam,,
1851,agneta,ST,Sam,,
4967,agney,ST,Sam,19.05.2020,
61,agni,DR,Sam,,
5019,agok,ST,Sam,21.09.2020,
1847,agða,ST,Sam,,
6173,ahelia,ST,Sam,02.07.2024,https://www.stjornarradid.is/gogn/urskurdir-og-alit-/stakur-urskurdur/?newsid=8f7b0e76-3abe-11ef-b886-005056bcde1f&cname=Mannanafnanefnd&cid=e219adf8-4214-11e7-941a-005056bc530c
7605,ai,ST,Sam,31.10.2025,https://www.stjornarradid.is/gogn/urskurdir-og-alit-/stakur-urskurdur/?newsid=3955f831-cc3f-11f0-b897-005056bcde1f&cname=Mannanafnanefnd&cid=e219adf8-4214-11e7-941a-005056bc530c
5064,ailsa,ST,Haf,19.01.2021,
3941,aisha,ST,Haf,04.11.2009,
5484,aisha,ST,Sam,09.02.2023,https://www.stjornarradid.is/gogn/urskurdir-og-alit-/stakur-urskurdur/?newsid=ae631d66-ab8e-11ed-9bb5-f992086adea7&cname=Mannanafnanefnd&cid=e219adf8-4214-11e7-941a-005056bc530c
4687,ajmiya,ST,Haf,22.09.2017,
5417,akarn,KH,Sam,05.09.2022,
4374,akira,ST,Sam,29.11.2013,
6714,aksel,DR,Sam,23.01.2025,https://www.stjornarradid.is/gogn/urskurdir-og-alit-/stakur-urskurdur/?newsid=00626913-e39f-11ef-b88e-005056bcde1f&cname=Mannanafnanefnd&cid=e219adf8-4214-11e7-941a-005056bc530c
5058,alaia,ST,Haf,19.01.2021,
4545,alan,DR,Sam,18.11.2015,
3980,alanta,ST,Sam,10.06.2009,
5059,alaía,ST,Sam,19.01.2021,
1852,alba,ST,Sam,,
62,albert,DR,Sam,,
1853,alberta,ST,Sam,,
4826,albjört,ST,Sam,05.02.2019,
1854,albína,ST,Sam,,
1855,alda,ST,Sam,,
3457,aldan,MI,Sam,,
4958,aldan,DR,Sam,21.04.2020,
63,aldar,DR,Sam,,
4546,aldey,ST,Sam,18.11.2015,
1857,aldný,ST,Sam,,
4903,aldur,DR,Sam,03.10.2019,
1856,aldís,ST,Sam,,
5436,alejandro,DR,Sam,02.11.2022,
5437,alejandro,DR,Sam,02.11.2022,
5046,aleksandra,ST,Haf,22.12.2020,
4358,alena,ST,Sam,16.10.2013,
3827,alessandra,ST,Haf,22.08.2008,
3716,aleta,ST,Sam,14.09.2006,
3645,aletta,ST,Sam,10. október 2005,
64,alex,DR,Sam,,
4375,alex,ST,Haf,19.12.2013,
4853,alex,ST,Sam,22.05.2019,
3541,alexa,ST,Sam,19.08.2004,
65,alexander,DR,Sam,,
3419,alexander jónas,RDR,Sam,,
1858,alexandra,ST,Sam,,
1859,alexandría,ST,Sam,,
7101,alexia,ST,Sam,23.05.2025,https://www.stjornarradid.is/gogn/urskurdir-og-alit-/stakur-urskurdur/?newsid=4c246651-4c37-11f0-b892-005056bcde1f&cname=Mannanafnanefnd&cid=e219adf8-4214-11e7-941a-005056bc530c
4167,alexis,ST,Sam,01.07.2011,
1686,alexsandra,RST,Haf,,
4032,alexsandra,ST,Haf,25.03.2010,
4229,alexsandra,ST,Haf,26.06.2018,
4230,alexsandra,ST,Haf,01.03.2012,
5311,alexsandra,ST,Haf,22.03.2022,
4523,alexstrasa,ST,Sam,28.08.2015,
4524,alexstrasza,ST,Haf,28.08.2015,
1860,alexía,ST,Sam,,
66,alexíus,DR,Sam,,
5394,alf,DR,Sam,20.06.2022,
1861,alfa,ST,Sam,,
67,alfons,DR,Sam,,
68,alfred,DR,Sam,,
69,alfreð,DR,Sam,,
1862,alfífa,ST,Sam,,
3634,ali,DR,Sam,10.08.2005,
5056,alia,ST,Haf,19.01.2021,
4686,aliana,ST,Haf,22.09.2017,
5581,alica,ST,Sam,07.06.2023,https://www.stjornarradid.is/gogn/urskurdir-og-alit-/stakur-urskurdur/?newsid=7dfc628d-14e9-11ee-9bbb-005056bc4727&cname=Mannanafnanefnd&cid=e219adf8-4214-11e7-941a-005056bc530c
1863,alice,ST,Sam,,
4106,alida,ST,Sam,21.01.2011,
4698,alisa,ST,Sam,27.10.2017,
1867,alla,ST,Sam,,
70,allan,DR,Sam,,
4301,alli,DR,Sam,09.01.2013,
3432,allý,ST,Sam,,
1868,alma,ST,Sam,,
4754,alma,DR,Haf,26.06.2018,
71,almar,DR,Sam,,
5354,alpa,ST,Sam,25.04.2022,
4727,alparós,ST,Sam,20.03.2018,
5060,alpha,DR,Haf,19.01.2021,
5166,alpha,KH,Sam,09.09.2021,
4235,alpine,ST,Haf,02.04.2012,
5043,alpine,MI,Haf,24.11.2020,
72,alrekur,DR,Sam,,
1869,alrún,ST,Sam,,
5947,althea,ST,Sam,16.04.2024,https://www.stjornarradid.is/gogn/urskurdir-og-alit-/stakur-urskurdur/?newsid=abc65b2f-fd5d-11ee-b883-005056bcde1f&cname=Mannanafnanefnd&cid=e219adf8-4214-11e7-941a-005056bc530c
1870,alva,ST,Sam,,
73,alvar,DR,Sam,,
1871,alvilda,ST,Sam,,
74,alvin,DR,Sam,,
5057,alía,ST,Sam,19.01.2021,
4701,alíana,ST,Sam,27.10.2017,
1864,alída,ST,Sam,,
5851,alífa,ST,Sam,07.03.2024,https://www.stjornarradid.is/gogn/urskurdir-og-alit-/stakur-urskurdur/?newsid=b38d66c4-e1e5-11ee-b883-005056bcde1f&cname=Mannanafnanefnd&cid=e219adf8-4214-11e7-941a-005056bc530c
4275,alína,ST,Sam,08.08.2012,
1865,alís,ST,Sam,,
1866,alísa,ST,Sam,,
4914,alíta,ST,Sam,20.11.2019,
3562,amadea,ST,Sam,28.12.2004,
3571,amal,ST,Sam,03.02.2005,
1872,amalía,ST,Sam,,
1873,amanda,ST,Sam,,
7957,amaníta,ST,Sam,16.03.2026,https://www.stjornarradid.is/gogn/urskurdir-og-alit-/stakur-urskurdur/?newsid=efa9abe4-2850-11f1-b89c-005056bcde1f&cname=Mannanafnanefnd&cid=e219adf8-4214-11e7-941a-005056bc530c
7671,amara,ST,Sam,19.11.2025,https://www.stjornarradid.is/gogn/urskurdir-og-alit-/stakur-urskurdur/?newsid=ac2fc02d-cc3f-11f0-b897-005056bcde1f&cname=Mannanafnanefnd&cid=e219adf8-4214-11e7-941a-005056bc530c
4900,amarie,ST,Haf,03.10.2019,
5299,amarie,ST,Sam,01.03.2022,
4148,amelia,ST,Haf,28.10.2004,
8684,amelia,ST,Sam,08.09.2026,
1874,amelía,ST,Sam,,
4425,amil,DR,Sam,30.7.2014,
3948,amilía,ST,Sam,04.11.2009,
5468,amir,DR,Sam,05.01.2023,https://www.stjornarradid.is/gogn/urskurdir-og-alit-/stakur-urskurdur/?newsid=60c2ce57-9b06-11ed-9bb4-005056bc4727&cname=Mannanafnanefnd&cid=e219adf8-4214-11e7-941a-005056bc530c
6305,amira,ST,Sam,23.08.2024,https://www.stjornarradid.is/gogn/urskurdir-og-alit-/stakur-urskurdur/?newsid=e63ee742-653e-11ef-b887-005056bcde1f&cname=Mannanafnanefnd&cid=e219adf8-4214-11e7-941a-005056bc530c
3686,amlín,MI,Sam,25.05.2006,
4809,amon,DR,Sam,13.12.2018,
3911,amor,DR,Sam,17.12.2008,
75,amos,DR,Sam,,
3843,amy,RST,Sam,08.11.2007,
5078,amía,ST,Sam,24.02.2021,
6539,amína,ST,Sam,13.12.2024,https://www.stjornarradid.is/gogn/urskurdir-og-alit-/stakur-urskurdur/?newsid=157cd68b-cc2e-11ef-b88c-005056bcde1f&cname=Mannanafnanefnd&cid=e219adf8-4214-11e7-941a-005056bc530c
4222,amír,DR,Sam,1.2.2012,
3446,amíra,ST,Sam,,
1875,amý,ST,Sam,,
6174,ana,ST,Sam,02.07.2024,https://www.stjornarradid.is/gogn/urskurdir-og-alit-/stakur-urskurdur/?newsid=00855d25-3abf-11ef-b886-005056bcde1f&cname=Mannanafnanefnd&cid=e219adf8-4214-11e7-941a-005056bc530c
3534,anais,ST,Haf,19.08.2004,
1876,analía,ST,Sam,,
1775,anastasia,ST,Haf,,
3568,anastasia,ST,Haf,03.02.2005,
1877,anastasía,ST,Sam,,
76,anders,DR,Sam,,
1878,andra,ST,Sam,,
1879,andrea,ST,Sam,,
4654,andrean,DR,Sam,18.03.2017,
77,andreas,DR,Sam,,
5717,andrei,DR,Sam,02.10.2023,https://www.stjornarradid.is/gogn/urskurdir-og-alit-/stakur-urskurdur/?newsid=f7c7cb25-61da-11ee-9bc0-005056bc4727&cname=Mannanafnanefnd&cid=e219adf8-4214-11e7-941a-005056bc530c
4715,andrej,DR,Haf,22.12.2017,
5001,andres,RDR,Sam,17.08.2020,
79,andri,DR,Sam,,
4092,andru,DR,Haf,10.11.2010,
3583,andrá,ST,Sam,18.03.2005,
4191,andré,DR,Sam,28.10.2011,
78,andrés,DR,Sam,,
4384,andríana,ST,Sam,10.2.2014,
80,anes,DR,Sam,,
1703,anetta,RST,Sam,,
4291,anfinn,DR,Sam,20.11.2012,
81,angantýr,DR,Sam,,
1776,angel,ST,Haf,,
1880,angela,ST,Sam,,
4452,angelía,ST,Sam,,
1881,angelíka,ST,Sam,,
4619,angelína,ST,Sam,16.09.2016,
82,angi,DR,Sam,,
1882,anika,ST,Sam,,
1704,anita,RST,Sam,,
1885,anja,ST,Sam,,
1886,ann,ST,Sam,,
1887,anna,ST,Sam,,
1888,annabella,ST,Sam,,
3836,annalinda,ST,Haf,25.09.2008,
1777,annalísa,ST,Haf,,
3620,annalísa,ST,Sam,16.5.2005,
1778,annamaría,ST,Haf,,
5677,annamaría,ST,Haf,25.08.2023,https://www.stjornarradid.is/gogn/urskurdir-og-alit-/stakur-urskurdur/?newsid=4ab6db5d-4719-11ee-9bbe-005056bc4727&cname=Mannanafnanefnd&cid=e219adf8-4214-11e7-941a-005056bc530c
5809,annamaría,ST,Sam,24.01.2024,https://www.stjornarradid.is/gogn/urskurdir-og-alit-/stakur-urskurdur/?newsid=4f518bc0-beaa-11ee-b881-005056bcde1f&cname=Mannanafnanefnd&cid=e219adf8-4214-11e7-941a-005056bc530c
83,annar,DR,Sam,,
4108,annarr,DR,Haf,21.01.2011,
4133,annarr,DR,Sam,27.4.2011,
1779,annarósa,ST,Haf,,
5188,annarósa,ST,Sam,12.10.2021,
3660,annas,DR,Sam,10.10.2005,
3584,anndrá,ST,Haf,18.03.2005,
1889,anne,ST,Sam,,
84,annel,DR,Sam,,
4280,annelí,ST,Sam,13.09.2012,
85,annes,DR,Sam,,
1890,annetta,ST,Sam,,
1891,anney,ST,Sam,,
1892,annika,ST,Sam,,
4661,annmar,DR,Sam,18.04.2017,
1893,annía,ST,Sam,,
1894,anný,ST,Sam,,
5129,annþór,DR,Sam,11.08.2021,https://www.stjornarradid.is/gogn/urskurdir-og-alit-/stakur-urskurdur/?newsid=57cf8a04-01a5-11ec-813f-005056bc8c60&cname=Mannanafnanefnd&cid=e219adf8-4214-11e7-941a-005056bc530c
4549,anor,DR,Sam,17.12.2015,
6951,anteo,DR,Sam,24.03.2025,https://www.stjornarradid.is/gogn/urskurdir-og-alit-/stakur-urskurdur/?newsid=e4e4363b-0b01-11f0-b88f-005056bcde1f&cname=Mannanafnanefnd&cid=e219adf8-4214-11e7-941a-005056bc530c
4,anthon,DR,Haf,,
86,anthony,DR,Sam,,
87,anton,DR,Sam,,
5,antonio,DR,Haf,20.07.2007,
4692,antonio,DR,Sam,22.09.2017,
1895,antonía,ST,Sam,,
88,antoníus,DR,Sam,,
3630,antoný,DR,Haf,10.08.2005,
6,antorn-gabriel,DR,Haf,,
1629,antorn-gabriel,RDR,Haf,,
5126,antónio,DR,Sam,06.08.2021,https://www.stjornarradid.is/gogn/urskurdir-og-alit-/stakur-urskurdur/?newsid=56ebdec5-019f-11ec-813f-005056bc8c60&cname=Mannanafnanefnd&cid=e219adf8-4214-11e7-941a-005056bc530c
4480,antóníus,DR,Sam,20.2.2015,
3728,anya,ST,Haf,28.08.2015,
7169,anya,ST,Sam,04.06.2025,https://www.stjornarradid.is/gogn/urskurdir-og-alit-/stakur-urskurdur/?newsid=86260e87-4c3a-11f0-b892-005056bcde1f&cname=Mannanafnanefnd&cid=e219adf8-4214-11e7-941a-005056bc530c
7316,anída,ST,Sam,13.08.2025,
1705,aníka,RST,Sam,,
1883,anína,ST,Sam,,
1884,aníta,ST,Sam,,
7246,anóra,ST,Sam,24.06.2025,https://www.stjornarradid.is/gogn/urskurdir-og-alit-/stakur-urskurdur/?newsid=022bedd5-5346-11f0-b892-005056bcde1f&cname=Mannanafnanefnd&cid=e219adf8-4214-11e7-941a-005056bc530c
5780,apel,KH,Sam,06.12.2023,https://www.stjornarradid.is/gogn/urskurdir-og-alit-/stakur-urskurdur/?newsid=36ab2291-94ea-11ee-b87f-005056bcde1f&cname=Mannanafnanefnd&cid=e219adf8-4214-11e7-941a-005056bc530c
5142,apollo,DR,Sam,11.08.2021,https://www.stjornarradid.is/gogn/urskurdir-og-alit-/stakur-urskurdur/?newsid=378d2187-01ab-11ec-813f-005056bc8c60&cname=Mannanafnanefnd&cid=e219adf8-4214-11e7-941a-005056bc530c
1780,apríl,ST,Sam,05.05.2006,
5061,aquamann,DR,Haf,19.01.2021,
4391,ara,ST,Sam,18.03.2014,
4622,arabella,ST,Sam,26.09.2016,
4742,araminta,MI,Haf,18.04.2018,
4743,araminta,ST,Sam,18.04.2018,
3955,aran,DR,Sam,17.12.2009,
8505,araþon,DR,Sam,24.07.2026,
1896,ardís,ST,Sam,,
89,arent,DR,Sam,,
90,ares,DR,Sam,,
1897,arey,ST,Sam,,
91,ari,DR,Sam,,
4924,arian,DR,Haf,11.12.2019,
1781,arianna,ST,Haf,,
5977,arianna,ST,Sam,24.04.2024,https://www.stjornarradid.is/gogn/urskurdir-og-alit-/stakur-urskurdur/?newsid=8c112863-03da-11ef-b883-005056bcde1f&cname=Mannanafnanefnd&cid=e219adf8-4214-11e7-941a-005056bc530c
4830,ariel,ST,Haf,19.02.2019,
92,arilíus,DR,Sam,,
7784,arin,DR,Sam,18.12.2025,https://www.stjornarradid.is/gogn/urskurdir-og-alit-/stakur-urskurdur/?newsid=98dd2106-dce3-11f0-b898-005056bcde1f&cname=Mannanafnanefnd&cid=e219adf8-4214-11e7-941a-005056bc530c
1898,arinbjörg,ST,Sam,,
93,arinbjörn,DR,Sam,,
1706,aris,RST,Sam,,
3627,arisa,ST,Sam,10.08.2005,
4346,arja,ST,Sam,29.07.2013,
5106,arkíta,ST,Sam,25.03.2021,https://www.stjornarradid.is/gogn/urskurdir-og-alit-/stakur-urskurdur/?newsid=88b633d7-9b80-11eb-8134-005056bc8c60&cname=Mannanafnanefnd&cid=e219adf8-4214-11e7-941a-005056bc530c
6278,arló,KH,Sam,19.08.2024,https://www.stjornarradid.is/gogn/urskurdir-og-alit-/stakur-urskurdur/?newsid=b8e4d452-5fa2-11ef-b887-005056bcde1f&cname=Mannanafnanefnd&cid=e219adf8-4214-11e7-941a-005056bc530c
7395,arman,DR,Sam,25.03.2021,
5779,armand,DR,Sam,06.12.2023,https://www.stjornarradid.is/gogn/urskurdir-og-alit-/stakur-urskurdur/?newsid=dab70e60-94e9-11ee-b87f-005056bcde1f&cname=Mannanafnanefnd&cid=e219adf8-4214-11e7-941a-005056bc530c
5021,armando,DR,Haf,06.10.2020,
5022,armandó,DR,Sam,06.10.2020,
3440,armenía,ST,Sam,,
1902,arna,ST,Sam,,
96,arnald,DR,Sam,,
97,arnaldur,DR,Sam,,
1784,arnapála,ST,Haf,,
98,arnar,DR,Sam,,
3537,arnarr,DR,Haf,19.08.2004,
8199,arnarr,DR,Sam,22.04.2026,
7,arnarsteinn,DR,Haf,,
99,arnberg,DR,Sam,,
1542,arnberg,MI,Sam,,
100,arnbergur,DR,Sam,,
1903,arnbjörg,ST,Sam,,
101,arnbjörn,DR,Sam,,
1904,arnborg,ST,Sam,,
4186,arndal,MI,Haf,21.9.2011,
1905,arndís,ST,Sam,,
102,arndór,DR,Sam,,
5191,arne,DR,Sam,12.10.2021,
103,arnes,DR,Sam,,
1906,arney,ST,Sam,,
1907,arnfinna,ST,Sam,,
104,arnfinnur,DR,Sam,,
1543,arnfjörð,MI,Sam,,
105,arnfreyr,DR,Sam,,
1908,arnfríður,ST,Sam,,
4490,arngarður,DR,Sam,23.03.2015,
106,arngeir,DR,Sam,,
1909,arngerður,ST,Sam,,
107,arngils,DR,Sam,,
108,arngrímur,DR,Sam,,
1910,arngunnur,ST,Sam,,
1911,arnheiður,ST,Sam,,
1912,arnhildur,ST,Sam,,
1913,arnika,ST,Sam,,
1914,arnkatla,ST,Sam,,
109,arnkell,DR,Sam,,
1915,arnlaug,ST,Sam,,
110,arnlaugur,DR,Sam,,
1916,arnleif,ST,Sam,,
111,arnleifur,DR,Sam,,
1918,arnljót,ST,Sam,,
112,arnljótur,DR,Sam,,
1917,arnlín,ST,Sam,,
114,arnmundur,DR,Sam,,
113,arnmóður,DR,Sam,,
115,arnoddur,DR,Sam,,
116,arnold,DR,Sam,,
1920,arnrós,ST,Sam,,
1921,arnrún,ST,Sam,,
3657,arnsted,MI,Haf,21.12.2005,
118,arnsteinn,DR,Sam,,
4740,arntinna,ST,Sam,18.04.2018,
5317,arntýr,DR,Sam,22.03.2022,
4075,arnvið,DR,Haf,17.08.2010,
120,arnviður,DR,Sam,,
117,arnór,DR,Sam,,
1919,arnóra,ST,Sam,,
119,arnúlfur,DR,Sam,,
1923,arnþrúður,ST,Sam,,
121,arnþór,DR,Sam,,
1922,arnþóra,ST,Sam,,
122,aron,DR,Sam,,
5534,arora,ST,Haf,30.03.2023,https://www.stjornarradid.is/gogn/urskurdir-og-alit-/stakur-urskurdur/?newsid=42cf1851-cfc7-11ed-9bb8-005056bc4727&cname=Mannanafnanefnd&cid=e219adf8-4214-11e7-941a-005056bc530c
6438,arslan,DR,Sam,21.10.2024,https://www.stjornarradid.is/gogn/urskurdir-og-alit-/stakur-urskurdur/?newsid=033d6822-9055-11ef-b889-005056bcde1f&cname=Mannanafnanefnd&cid=e219adf8-4214-11e7-941a-005056bc530c
4943,art,DR,Sam,20.02.2020,
4950,artemis,ST,Sam,20.02.2020,
1640,arthur,RDR,Sam,,
123,arthúr,DR,Sam,,
3635,artúr,DR,Sam,15.09.2005,
3626,arven,ST,Haf,10.08.2005,
4885,aryan,DR,Haf,02.09.2019,
4268,aría,ST,Sam,12.07.2012,
4925,arían,DR,Sam,11.12.2019,
4503,aríana,ST,Sam,04.06.2015,
3431,aríanna,ST,Sam,,
4337,aríaðna,ST,Sam,16.08.2013,
94,aríel,DR,Sam,,
4702,aríel,ST,Sam,31.10.2017,
4442,aríela,ST,Sam,3.10.2014,
1782,aríele,ST,Haf,,
3469,aríella,ST,Sam,18.12.2003,
1783,aríelle,ST,Haf,,
1899,arín,ST,Sam,,
1900,arína,ST,Sam,,
1901,arís,ST,Sam,,
95,aríus,DR,Sam,,
5261,aró,KH,Sam,16.12.2021,
5223,arún,DR,Sam,17.11.2021,
3782,asael,DR,Sam,23.01.2008,
5452,askalín,ST,Sam,30.11.2022,
3504,askja,ST,Sam,28.05.2004,
124,askur,DR,Sam,,
125,aspar,DR,Sam,,
1924,assa,ST,Sam,,
6440,aster,KH,Sam,21.10.2024,https://www.stjornarradid.is/gogn/urskurdir-og-alit-/stakur-urskurdur/?newsid=a867a4d2-9054-11ef-b889-005056bcde1f&cname=Mannanafnanefnd&cid=e219adf8-4214-11e7-941a-005056bc530c
1925,astrid,ST,Sam,,
8195,astró,KH,Sam,22.04.2026,
4436,asía,ST,Sam,22.062006,
3797,asírí,ST,Sam,15.05.2008,
3927,atalía,ST,Sam,14.05.2009,
1926,atena,ST,Sam,,
5481,athen,DR,Sam,09.02.2023,https://www.stjornarradid.is/gogn/urskurdir-og-alit-/stakur-urskurdur/?newsid=f466643e-ab8d-11ed-9bb5-f992086adea7&cname=Mannanafnanefnd&cid=e219adf8-4214-11e7-941a-005056bc530c
1687,athena,RST,Haf,,
1707,athena,RST,Sam,,
4866,athína,ST,Haf,29.07.2019,
1927,atla,ST,Sam,,
4241,atlanta,ST,Sam,02.04.2012,
3518,atlas,DR,Sam,28.05.2004,
126,atli,DR,Sam,,
4011,august,DR,Haf,17.09.2009,
3529,aurora,RST,Sam,23.06.2004,
3852,austan,MI,Sam,06.06.2007,
136,austar,DR,Sam,,
3875,austar,ST,Haf,06.02.2009,
3877,austar,MI,Haf,06.02.2009,
3998,austar,MI,Haf,08.07.2009,
3876,austarr,ST,Haf,06.02.2009,
3878,austarr,MI,Haf,06.02.2009,
1544,austdal,MI,Sam,,
3489,austfjörð,MI,Sam,12.02.2004,
5611,austin,DR,Sam,17.07.2023,https://www.stjornarradid.is/gogn/urskurdir-og-alit-/stakur-urskurdur/?newsid=f53c1793-2af4-11ee-9bbc-005056bc4727&cname=Mannanafnanefnd&cid=e219adf8-4214-11e7-941a-005056bc530c
137,austmann,DR,Sam,,
138,austmar,DR,Sam,,
139,austri,DR,Sam,,
4262,auðberg,MI,Haf,21.06.2012,
4330,auðberg,DR,Sam,05.07.2013,
127,auðbergur,DR,Sam,,
128,auðbert,DR,Sam,,
1928,auðbjörg,ST,Sam,,
129,auðbjörn,DR,Sam,,
1929,auðbjört,ST,Sam,,
1930,auðdís,ST,Sam,,
130,auðgeir,DR,Sam,,
131,auðkell,DR,Sam,,
1931,auðlín,ST,Sam,,
132,auðmundur,DR,Sam,,
1932,auðna,ST,Sam,,
1933,auðný,ST,Sam,,
1934,auðrún,ST,Sam,,
134,auðun,DR,Sam,,
135,auðunn,DR,Sam,,
1935,auður,ST,Sam,,
4366,auður,DR,Sam,29.11.2013,
133,auðólfur,DR,Sam,,
4671,ava,ST,Sam,22.06.2017,
4788,avelin,ST,Sam,14.08.2018,
6436,aveline,ST,Sam,21.10.2024,https://www.stjornarradid.is/gogn/urskurdir-og-alit-/stakur-urskurdur/?newsid=9ab1047e-9055-11ef-b889-005056bcde1f&cname=Mannanafnanefnd&cid=e219adf8-4214-11e7-941a-005056bc530c
4789,avelín,ST,Sam,14.08.2018,
4760,avía,ST,Sam,26.06.2018,
140,axel,DR,Sam,,
1785,axel,ST,Haf,,
1937,axelma,ST,Sam,,
1936,axelía,ST,Sam,,
5313,ayah,ST,Sam,22.03.2022,
52,aðalberg,DR,Sam,,
53,aðalbergur,DR,Sam,,
3486,aðalbert,DR,Sam,12.02.2004,
1838,aðalbjörg,ST,Sam,,
3,aðalbjörgvin,DR,Haf,,
54,aðalbjörn,DR,Sam,,
1839,aðalbjört,ST,Sam,,
1840,aðalborg,ST,Sam,,
55,aðalborgar,DR,Sam,,
4208,aðaldal,MI,Sam,8.12.2011,
3655,aðaldís,ST,Sam,25.11.2005,
5684,aðaley,ST,Sam,25.08.2023,https://www.stjornarradid.is/gogn/urskurdir-og-alit-/stakur-urskurdur/?newsid=5bbcaf06-4717-11ee-9bbe-005056bc4727&cname=Mannanafnanefnd&cid=e219adf8-4214-11e7-941a-005056bc530c
1841,aðalfríður,ST,Sam,,
56,aðalgeir,DR,Sam,,
1842,aðalheiður,ST,Sam,,
57,aðalmundur,DR,Sam,,
58,aðalráður,DR,Sam,,
3922,aðalrós,ST,Sam,01.04.2009,
1843,aðalsteina,ST,Sam,,
59,aðalsteinn,DR,Sam,,
1844,aðalsteinunn,ST,Sam,,
8612,aðalsól,ST,Sam,12.08.2026,
1845,aðalveig,ST,Sam,,
4253,aðalvíkingur,DR,Haf,16.05.2012,
4575,aðalvíkingur,DR,Sam,,
4679,aðdal,MI,Sam,21.08.2017,
3503,aðils,DR,Sam,,
3771,aðils,DR,Haf,14.11.2006,
3890,aðólf,DR,Sam,09.10.2008,
7709,aþanasíus,DR,Sam,19.11.2025,https://www.stjornarradid.is/gogn/urskurdir-og-alit-/stakur-urskurdur/?newsid=d5210527-cc3d-11f0-b897-005056bcde1f&cname=Mannanafnanefnd&cid=e219adf8-4214-11e7-941a-005056bc530c
1938,aþena,ST,Sam,,
4646,baddi,DR,Sam,09.02.2017,
5249,baggi,DR,Sam,16.12.2021,
7241,baggio,DR,Sam,24.06.2025,https://www.stjornarradid.is/gogn/urskurdir-og-alit-/stakur-urskurdur/?newsid=8553cfe1-5344-11f0-b892-005056bcde1f&cname=Mannanafnanefnd&cid=e219adf8-4214-11e7-941a-005056bc530c
1546,bakkdal,MI,Sam,,
1547,bakkmann,MI,Sam,,
9,bald,DR,Haf,,
1548,bald,MI,Sam,,
1994,baldey,ST,Sam,,
6413,baldr,DR,Haf,16.09.2024,https://www.stjornarradid.is/gogn/urskurdir-og-alit-/stakur-urskurdur/?newsid=1e8c63e2-75c7-11ef-b888-005056bcde1f&cname=Mannanafnanefnd&cid=e219adf8-4214-11e7-941a-005056bc530c
1995,baldrún,ST,Sam,,
184,baldur,DR,Sam,,
185,baldvin,DR,Sam,,
1996,baldvina,ST,Sam,,
1641,baldwin,RDR,Sam,,
4824,baldína,ST,Sam,28.01.2019,
186,baltasar,DR,Sam,,
10,baltazar,DR,Haf,,
4271,baltazar,DR,Haf,19.02.2017,
4983,baltazar,DR,Haf,16.07.2020,
5347,baltazar,RDR,Sam,25.04.2022,
3507,bambi,DR,Sam,28.05.2004,
4731,bambus,DR,Sam,20.03.2018,
1997,barbara,ST,Sam,,
1708,barbára,RST,Sam,,
188,barri,DR,Sam,,
187,barði,DR,Sam,,
6370,baróns,MI,Sam,03.09.2024,https://www.stjornarradid.is/gogn/urskurdir-og-alit-/stakur-urskurdur/?newsid=9b976bb8-702f-11ef-b888-005056bcde1f&cname=Mannanafnanefnd&cid=e219adf8-4214-11e7-941a-005056bc530c
4103,bassi,DR,Sam,22.12.2010,
3819,bassí,ST,Sam,07.07.2008,
3944,bastian,DR,Haf,04.11.2009,
4923,bastian,DR,Haf,11.12.2019,
3945,bastían,DR,Sam,04.11.2009,
189,baugur,DR,Sam,,
4563,baui,DR,Sam,04.03.2016,
4585,beata,ST,Sam,06.05.2016,
4078,bebba,ST,Sam,17.08.2010,
1999,begga,ST,Sam,,
5251,beggi,DR,Sam,16.12.2021,
191,beinir,DR,Sam,,
192,beinteinn,DR,Sam,,
4488,beinteins,MI,Haf,23.03.2015,
193,beitir,DR,Sam,,
194,bekan,DR,Sam,,
2000,belinda,ST,Sam,,
4784,bell,MI,Haf,20.09.2018,
2001,bella,ST,Sam,,
11,ben,DR,Haf,,
1549,ben,MI,Sam,,
4076,ben,MI,Sam,17.08.2010,
5461,bendt,RDR,Sam,05.01.2023,https://www.stjornarradid.is/gogn/urskurdir-og-alit-/stakur-urskurdur/?newsid=4041c8fb-934b-11ed-9bb4-005056bc4727&cname=Mannanafnanefnd&cid=e219adf8-4214-11e7-941a-005056bc530c
4938,bened,ST,Haf,14.01.2020,
195,benedikt,DR,Sam,,
2002,benedikta,ST,Sam,,
12,benedikts,DR,Haf,,
2003,bengta,ST,Sam,,
4140,benidikt,DR,Sam,18.5.2011,
4247,benidikta,ST,Sam,14.05.2012,
5512,benjamin,DR,Sam,09.03.2023,https://www.stjornarradid.is/gogn/urskurdir-og-alit-/stakur-urskurdur/?newsid=91387600-bf28-11ed-9bb7-005056bc4727&cname=Mannanafnanefnd&cid=e219adf8-4214-11e7-941a-005056bc530c
196,benjamín,DR,Sam,,
2005,benna,ST,Sam,,
2006,benney,ST,Sam,,
5353,benni,DR,Sam,25.04.2022,
2007,benný,ST,Sam,,
1642,benoný,RDR,Sam,,
198,bent,DR,Sam,,
2008,benta,ST,Sam,,
4028,bentey,ST,Sam,24.03.2010,
4861,bentley,DR,Haf,11.06.2019,
4863,bentley,DR,Sam,15.07.2019,
2009,bentína,ST,Sam,,
4376,benvý,DR,Sam,19.12.2013,
2004,benía,ST,Sam,,
3659,beníta,ST,Sam,21.12.2005,
197,benóní,DR,Sam,,
1643,benóný,RDR,Sam,,
2010,bera,ST,Sam,,
199,berent,DR,Sam,,
200,berg,DR,Sam,,
3962,berg,MI,Haf,17.12.2009,
4129,berg,MI,Haf,4.4.2011,
2011,bergdís,ST,Sam,,
2012,bergey,ST,Sam,,
201,bergfinnur,DR,Sam,,
2013,bergfríður,ST,Sam,,
3724,bergheiður,ST,Sam,19.02.2006,
4685,berghild ,ST,Haf,22.09.2017,
2014,berghildur,ST,Sam,,
1550,bergholt,MI,Sam,,
202,berghreinn,DR,Sam,,
3975,bergjón,DR,Sam,10.09.2009,
1551,bergland,MI,Sam,,
2015,berglaug,ST,Sam,,
2016,berglind,ST,Sam,,
2018,bergljót,ST,Sam,,
2017,berglín,ST,Sam,,
3904,bergman,ST,Haf,17.12.2008,
5954,bergman,DR,Haf,16.04.2024,https://www.stjornarradid.is/gogn/urskurdir-og-alit-/stakur-urskurdur/?newsid=651cc834-fd60-11ee-b883-005056bcde1f&cname=Mannanafnanefnd&cid=e219adf8-4214-11e7-941a-005056bc530c
5955,bergman,MI,Haf,16.04.2024,https://www.stjornarradid.is/gogn/urskurdir-og-alit-/stakur-urskurdur/?newsid=651cc834-fd60-11ee-b883-005056bcde1f&cname=Mannanafnanefnd&cid=e219adf8-4214-11e7-941a-005056bc530c
203,bergmann,DR,Sam,,
4003,bergmannía,ST,Sam,08.07.2009,
204,bergmar,DR,Sam,,
205,bergmundur,DR,Sam,,
2019,bergný,ST,Sam,,
3654,bergrán,ST,Sam,25.11.2005,
2020,bergrín,ST,Sam,,
2021,bergrós,ST,Sam,,
2022,bergrún,ST,Sam,,
5256,bergset,MI,Sam,16.12.2021,
206,bergsteinn,DR,Sam,,
4466,bergsveina,ST,Sam,22.12.2014,
207,bergsveinn,DR,Sam,,
208,bergur,DR,Sam,,
5814,bergveig,ST,Sam,24.01.2024,https://www.stjornarradid.is/gogn/urskurdir-og-alit-/stakur-urskurdur/?newsid=c84b8a6e-bea8-11ee-b881-005056bcde1f&cname=Mannanafnanefnd&cid=e219adf8-4214-11e7-941a-005056bc530c
209,bergvin,DR,Sam,,
4941,bergúlfur,DR,Sam,20.02.2020,
210,bergþór,DR,Sam,,
2023,bergþóra,ST,Sam,,
2024,berit,ST,Sam,,
3748,berk,DR,Haf,28.04.2007,
6676,bernadette,ST,Sam,23.01.2025,https://www.stjornarradid.is/gogn/urskurdir-og-alit-/stakur-urskurdur/?newsid=76d6600b-e39e-11ef-b88e-005056bcde1f&cname=Mannanafnanefnd&cid=e219adf8-4214-11e7-941a-005056bc530c
211,bernhard,DR,Sam,,
212,bernharð,DR,Sam,,
213,bernharður,DR,Sam,,
4112,berni,DR,Sam,9.2.2011,
214,bernódus,DR,Sam,,
3756,bernódía,ST,Sam,28.04.2007,
3394,berry,MI,Haf,,
215,bersi,DR,Sam,,
2025,berta,ST,Sam,,
216,bertel,DR,Sam,,
1709,bertha,RST,Sam,,
4773,berti,DR,Sam,14.08.2018,
5077,bertmarí,ST,Sam,24.02.2021,
4207,bertram,DR,Sam,8.12.2011,
5863,bessa,ST,Sam,07.03.2024,https://www.stjornarradid.is/gogn/urskurdir-og-alit-/stakur-urskurdur/?newsid=0b793c8c-e1f0-11ee-b883-005056bcde1f&cname=Mannanafnanefnd&cid=e219adf8-4214-11e7-941a-005056bc530c
217,bessi,DR,Sam,,
2026,bessí,ST,Sam,,
4971,best ,MI,Sam,19.05.2020,
4017,besti,DR,Haf,04.02.2010,
4249,bestla,ST,Sam,14.05.2012,
2027,beta,ST,Sam,,
3589,betanía,ST,Sam,15.04.2005,
7056,beth,ST,Sam,08.05.2025,https://www.stjornarradid.is/gogn/urskurdir-og-alit-/stakur-urskurdur/?newsid=44df6ef6-2feb-11f0-b891-005056bcde1f&cname=Mannanafnanefnd&cid=e219adf8-4214-11e7-941a-005056bc530c
3614,betsý,ST,Sam,27.06.2005,
3615,betsý,MI,Haf,27.06.2005,
2028,bettý,ST,Sam,,
218,betúel,DR,Sam,,
4962,bianca,ST,Haf,19.05.2020,
3680,bil,ST,Sam,29.03.2006,
3664,bill,DR,Sam,26.01.2006,
4797,binna,ST,Sam,16.10.2018,
219,birgir,DR,Sam,,
3667,birgis,MI,Sam,26.01.2006,
2029,birgit,ST,Sam,,
2030,birgitta,ST,Sam,,
220,birkir,DR,Sam,,
6677,birkirr,DR,Haf,23.01.2025,https://www.stjornarradid.is/gogn/urskurdir-og-alit-/stakur-urskurdur/?newsid=b44d8b7a-e39e-11ef-b88e-005056bcde1f&cname=Mannanafnanefnd&cid=e219adf8-4214-11e7-941a-005056bc530c
4929,birmir,DR,Sam,02.01.2020,
2031,birna,ST,Sam,,
5434,birningur,DR,Sam,07.10.2022,
221,birnir,DR,Sam,,
2032,birta,ST,Sam,,
3870,birtingur,DR,Sam,14.01.2009,
4126,birtir,DR,Sam,4.4.2011,
2033,birtna,ST,Sam,,
8197,bix,DR,Sam,22.04.2026,
1553,bjarg,MI,Sam,,
222,bjargar,DR,Sam,,
3909,bjargdís,ST,Sam,17.12.2008,
2035,bjargey,ST,Sam,,
2036,bjargheiður,ST,Sam,,
2037,bjarghildur,ST,Sam,,
2038,bjarglind,ST,Sam,,
223,bjargmundur,DR,Sam,,
224,bjargþór,DR,Sam,,
4065,bjarkan,DR,Sam,13.07.2010,
225,bjarkar,DR,Sam,,
1787,bjarkar,ST,Haf,,
4525,bjarkarr,DR,Haf,28.08.2015,
5855,bjarkarr,DR,Haf,07.03.2024,https://www.stjornarradid.is/gogn/urskurdir-og-alit-/stakur-urskurdur/?newsid=bd643a4d-e1ee-11ee-b883-005056bcde1f&cname=Mannanafnanefnd&cid=e219adf8-4214-11e7-941a-005056bc530c
2039,bjarkey,ST,Sam,,
226,bjarki,DR,Sam,,
2040,bjarklind,ST,Sam,,
2041,bjarma,ST,Sam,,
227,bjarmar,DR,Sam,,
228,bjarmi,DR,Sam,,
229,bjarnar,DR,Sam,,
3395,bjarnar,MI,Haf,,
1554,bjarndal,MI,Sam,,
2042,bjarndís,ST,Sam,,
2043,bjarney,ST,Sam,,
230,bjarnfinnur,DR,Sam,,
3603,bjarnfjörð,MI,Sam,03.05.2005,
231,bjarnfreður,DR,Sam,,
2044,bjarnfríður,ST,Sam,,
2045,bjarngerður,ST,Sam,,
232,bjarnharður,DR,Sam,,
2046,bjarnheiður,ST,Sam,,
2047,bjarnhildur,ST,Sam,,
233,bjarnhéðinn,DR,Sam,,
234,bjarni,DR,Sam,,
2048,bjarnlaug,ST,Sam,,
235,bjarnlaugur,DR,Sam,,
236,bjarnleifur,DR,Sam,,
2049,bjarnrún,ST,Sam,,
238,bjarnsteinn,DR,Sam,,
2050,bjarnveig,ST,Sam,,
237,bjarnólfur,DR,Sam,,
4168,bjarný,ST,Sam,01.07.2011,
2052,bjarnþrúður,ST,Sam,,
239,bjarnþór,DR,Sam,,
2051,bjarnþóra,ST,Sam,,
5455,bjart,KH,Sam,30.11.2022,
5952,bjartdís,ST,Sam,16.04.2024,https://www.stjornarradid.is/gogn/urskurdir-og-alit-/stakur-urskurdur/?newsid=6a2398d2-fd5d-11ee-b883-005056bcde1f&cname=Mannanafnanefnd&cid=e219adf8-4214-11e7-941a-005056bc530c
2053,bjartey,ST,Sam,,
240,bjartmann,DR,Sam,,
241,bjartmar,DR,Sam,,
2054,bjartmey,ST,Sam,,
242,bjartur,DR,Sam,,
243,bjartþór,DR,Sam,,
244,bjólan,DR,Sam,,
245,bjólfur,DR,Sam,,
2055,björg,ST,Sam,,
4089,björgey,ST,Sam,10.11.2010,
2056,björgheiður,ST,Sam,,
2057,björghildur,ST,Sam,,
246,björgmundur,DR,Sam,,
249,björgvin,DR,Sam,,
247,björgólfur,DR,Sam,,
248,björgúlfur,DR,Sam,,
2058,björk,ST,Sam,,
250,björn,DR,Sam,,
4086,björney,ST,Sam,06.10.2010,
2059,björnfríður,ST,Sam,,
251,björnólfur,DR,Sam,,
5258,björnúlfur,DR,Sam,16.12.2021,
2060,björt,ST,Sam,,
5158,blake,DR,Sam,09.09.2021,
5389,bliki,DR,Sam,20.06.2022,
4566,blom,MI,Haf,04.03.2016,
5485,blom,KH,Sam,09.02.2023,https://www.stjornarradid.is/gogn/urskurdir-og-alit-/stakur-urskurdur/?newsid=e054225b-ab8e-11ed-9bb5-f992086adea7&cname=Mannanafnanefnd&cid=e219adf8-4214-11e7-941a-005056bc530c
3806,bláey,ST,Sam,23.04.2008,
1555,bláfeld,MI,Sam,,
4460,bláklukka,ST,Sam,5.12.2014,
5146,blár,DR,Sam,11.08.2021,https://www.stjornarradid.is/gogn/urskurdir-og-alit-/stakur-urskurdur/?newsid=5148b36a-01ae-11ec-813f-005056bc8c60&cname=Mannanafnanefnd&cid=e219adf8-4214-11e7-941a-005056bc530c
2063,blædís,ST,Sam,,
252,blængur,DR,Sam,,
253,blær,DR,Sam,,
1788,blær,ST,Haf,,
4315,blær,ST,Sam,21.03.2013,
254,blævar,DR,Sam,,
4188,blín,ST,Sam,28.10.2011,
2061,blíða,ST,Sam,,
4969,blíður,DR,Sam,19.05.2020,
8539,blóm,KH,Sam,30.07.2026,
2062,blómey,ST,Sam,,
1556,blómkvist,MI,Sam,,
4314,bobba,ST,Sam,07.02.2013,
2064,boga,ST,Sam,,
2065,bogdís,ST,Sam,,
2066,bogey,ST,Sam,,
3444,bogga,ST,Sam,,
2067,boghildur,ST,Sam,,
256,bogi,DR,Sam,,
257,bolli,DR,Sam,,
5137,bond,DR,Sam,11.08.2021,https://www.stjornarradid.is/gogn/urskurdir-og-alit-/stakur-urskurdur/?newsid=f1ebfcb0-01c4-11ec-813f-005056bc8c60&cname=Mannanafnanefnd&cid=e219adf8-4214-11e7-941a-005056bc530c
5950,boom,MI,Haf,16.04.2024,https://www.stjornarradid.is/gogn/urskurdir-og-alit-/stakur-urskurdur/?newsid=292fdfe5-fd5c-11ee-b883-005056bcde1f&cname=Mannanafnanefnd&cid=e219adf8-4214-11e7-941a-005056bc530c
5951,boom,DR,Haf,16.04.2024,https://www.stjornarradid.is/gogn/urskurdir-og-alit-/stakur-urskurdur/?newsid=292fdfe5-fd5c-11ee-b883-005056bcde1f&cname=Mannanafnanefnd&cid=e219adf8-4214-11e7-941a-005056bc530c
2068,borg,ST,Sam,,
258,borgar,DR,Sam,,
1557,borgdal,MI,Sam,,
2069,borgdís,ST,Sam,,
4874,borgfjörð,MI,Haf,07.08.2019,
4237,borghild,ST,Haf,02.04.2012,
5457,borghild,ST,Sam,10.12.2022,https://www.stjornarradid.is/gogn/urskurdir-og-alit-/stakur-urskurdur/?newsid=331eb1a9-7afb-11ed-9bb3-005056bc4727&cname=Mannanafnanefnd&cid=e219adf8-4214-11e7-941a-005056bc530c
2070,borghildur,ST,Sam,,
2071,borgný,ST,Sam,,
2072,borgrún,ST,Sam,,
3902,borgúlfur,DR,Sam,01.12.2008,
259,borgþór,DR,Sam,,
2073,borgþóra,ST,Sam,,
4087,botnía,ST,Sam,10.11.2010,
255,boði,DR,Sam,,
2076,braga,ST,Sam,,
2077,braghildur,ST,Sam,,
262,bragi,DR,Sam,,
2078,branddís,ST,Sam,,
4869,brandr,RDR,Sam,07.08.2019,
263,brandur,DR,Sam,,
4725,brandís,ST,Sam,30.09.2015,
4675,breiðfjörð,MI,Haf,22.09.2017,
264,breki,DR,Sam,,
3810,brekkmann,MI,Sam,23.04.2008,
265,bresi,DR,Sam,,
266,brestir,DR,Sam,,
6503,brettingur,DR,Sam,20.11.2024,https://www.stjornarradid.is/gogn/urskurdir-og-alit-/stakur-urskurdur/?newsid=4c210817-a74f-11ef-b88a-005056bcde1f&cname=Mannanafnanefnd&cid=e219adf8-4214-11e7-941a-005056bc530c
6504,brettingur,MI,Haf,20.11.2024,https://www.stjornarradid.is/gogn/urskurdir-og-alit-/stakur-urskurdur/?newsid=4c210817-a74f-11ef-b88a-005056bcde1f&cname=Mannanafnanefnd&cid=e219adf8-4214-11e7-941a-005056bc530c
4959,brettingz,MI,Haf,21.04.2020,
8685,brian,DR,Sam,08.09.2026,
4395,briet,ST,Sam,13.03.2014,
1710,brigitta,RST,Sam,,
1558,brim,MI,Sam,,
5272,brim,ST,Sam,13.01.2022,
267,brimar,DR,Sam,,
2081,brimdís,ST,Sam,,
5415,brimey,ST,Sam,05.09.2022,
2082,brimhildur,ST,Sam,,
268,brimi,DR,Sam,,
269,brimir,DR,Sam,,
2083,brimrún,ST,Sam,,
4710,brimþór,DR,Sam,22.12.2017,
2084,brit,ST,Sam,,
2085,britt,ST,Sam,,
2086,britta,ST,Sam,,
270,brjánn,DR,Sam,,
271,broddi,DR,Sam,,
5722,broteva,ST,Sam,02.10.2023,https://www.stjornarradid.is/gogn/urskurdir-og-alit-/stakur-urskurdur/?newsid=2717c8c7-61d9-11ee-9bc0-005056bc4727&cname=Mannanafnanefnd&cid=e219adf8-4214-11e7-941a-005056bc530c
3445,bruno,DR,Sam,,
5115,bryn,KH,Sam,25.03.2021,https://www.stjornarradid.is/gogn/urskurdir-og-alit-/stakur-urskurdur/?newsid=9bb6244a-9b90-11eb-8134-005056bc8c60&cname=Mannanafnanefnd&cid=e219adf8-4214-11e7-941a-005056bc530c
2089,bryndís,ST,Sam,,
2090,brynfríður,ST,Sam,,
272,bryngeir,DR,Sam,,
2091,bryngerður,ST,Sam,,
2092,brynheiður,ST,Sam,,
2093,brynhildur,ST,Sam,,
2094,brynja,ST,Sam,,
273,brynjar,DR,Sam,,
5714,brynjarr,DR,Sam,02.10.2023,https://www.stjornarradid.is/gogn/urskurdir-og-alit-/stakur-urskurdur/?newsid=bb810e40-61d6-11ee-9bc0-005056bc4727&cname=Mannanafnanefnd&cid=e219adf8-4214-11e7-941a-005056bc530c
274,brynjólfur,DR,Sam,,
275,brynjúlfur,DR,Sam,,
276,brynleifur,DR,Sam,,
4433,brynmar,DR,Sam,15.08.2014,
3915,brynný,ST,Sam,17.12.2008,
277,brynsteinn,DR,Sam,,
278,bryntýr,DR,Sam,,
5726,brynylfa,ST,Sam,02.10.2023,https://www.stjornarradid.is/gogn/urskurdir-og-alit-/stakur-urskurdur/?newsid=19e006a3-61e1-11ee-9bc0-005056bc4727&cname=Mannanafnanefnd&cid=e219adf8-4214-11e7-941a-005056bc530c
279,brynþór,DR,Sam,,
2079,brá,ST,Sam,,
2080,brák,ST,Sam,,
4544,bría,ST,Sam,18.11.2015,
2087,bríana,ST,Sam,,
1711,bríanna,RST,Sam,,
2088,bríet,ST,Sam,,
4040,brími,DR,Sam,15.04.2010,
4450,brímir,DR,Sam,31.10.2014,
3872,brúnsteð,MI,Sam,23.01.2009,
5548,bubbi,DR,Sam,04.05.2023,https://www.stjornarradid.is/gogn/urskurdir-og-alit-/stakur-urskurdur/?newsid=eeb6f2b1-ee56-11ed-9bb9-005056bc4727&cname=Mannanafnanefnd&cid=e219adf8-4214-11e7-941a-005056bc530c
5382,buck,DR,Sam,20.06.2022,
6337,buffý,ST,Sam,28.08.2024,https://www.stjornarradid.is/gogn/urskurdir-og-alit-/stakur-urskurdur/?newsid=fb7595a3-653f-11ef-b887-005056bcde1f&cname=Mannanafnanefnd&cid=e219adf8-4214-11e7-941a-005056bc530c
4492,builien,ST,Haf,23.03.2015,
4493,builien,MI,Haf,23.03.2015,
2095,burkney,ST,Sam,,
280,burkni,DR,Sam,,
2096,bylgja,ST,Sam,,
4751,bylur,DR,Sam,26.06.2018,
3925,byrnir,DR,Haf,16.05.2009,
3396,byron,MI,Haf,,
3458,byron,DR,Haf,,
5884,byte,DR,Haf,13.03.2024,https://www.stjornarradid.is/gogn/urskurdir-og-alit-/stakur-urskurdur/?newsid=ebaf2e87-e1f2-11ee-b883-005056bcde1f&cname=Mannanafnanefnd&cid=e219adf8-4214-11e7-941a-005056bc530c
5719,bábó,ST,Sam,02.10.2023,https://www.stjornarradid.is/gogn/urskurdir-og-alit-/stakur-urskurdur/?newsid=16802ae4-61de-11ee-9bc0-005056bc4727&cname=Mannanafnanefnd&cid=e219adf8-4214-11e7-941a-005056bc530c
1998,bára,ST,Sam,,
8651,bári,DR,Sam,12.08.2026,
4717,bárðdal,MI,Sam,26.01.2018,
190,bárður,DR,Sam,,
282,bæring,DR,Sam,,
3397,bærings,MI,Haf,,
283,bæringur,DR,Sam,,
284,bæron,DR,Sam,,
5274,bæssam,DR,Sam,13.01.2022,
3590,bíbí,ST,Sam,15.04.2005,
7236,bíi,DR,Sam,24.06.2025,https://www.stjornarradid.is/gogn/urskurdir-og-alit-/stakur-urskurdur/?newsid=26e53444-5343-11f0-b892-005056bcde1f&cname=Mannanafnanefnd&cid=e219adf8-4214-11e7-941a-005056bc530c
1552,bíldsfells,MI,Sam,,
2034,bína,ST,Sam,,
7858,bísan,ST,Sam,23.01.2026,https://www.stjornarradid.is/gogn/urskurdir-og-alit-/stakur-urskurdur/?newsid=99ee8652-284f-11f1-b89c-005056bcde1f&cname=Mannanafnanefnd&cid=e219adf8-4214-11e7-941a-005056bc530c
260,bóas,DR,Sam,,
2074,bóel,ST,Sam,,
3831,bói,DR,Sam,25.09.2008,
3966,bót,ST,Sam,07.01.2010,
3967,bót,MI,Haf,07.01.2010,
2075,bóthildur,ST,Sam,,
261,bótólfur,DR,Sam,,
7053,bölmóður,DR,Haf,08.05.2025,https://www.stjornarradid.is/gogn/urskurdir-og-alit-/stakur-urskurdur/?newsid=fb314145-2feb-11f0-b891-005056bcde1f&cname=Mannanafnanefnd&cid=e219adf8-4214-11e7-941a-005056bc530c
286,börkur,DR,Sam,,
285,böðvar,DR,Sam,,
281,búi,DR,Sam,,
3714,búri,DR,Sam,14.09.2006,
5384,búálfur,DR,Sam,20.06.2022,
8198,cameron,DR,Sam,22.04.2026,
1712,camilla,RST,Sam,,
4990,candice,ST,Haf,17.08.2020,
3935,cara,ST,Haf,08.04.2009,
5718,cara,ST,Haf,02.10.2023,https://www.stjornarradid.is/gogn/urskurdir-og-alit-/stakur-urskurdur/?newsid=ba0d6ef5-61d9-11ee-9bc0-005056bc4727&cname=Mannanafnanefnd&cid=e219adf8-4214-11e7-941a-005056bc530c
4324,caritas,ST,Sam,16.05.2013,
1644,carl,RDR,Sam,,
1688,carla,RST,Haf,,
4125,carla,ST,Sam,23.3.2011,
3747,carlo,DR,Haf,20.07.2007,
7676,carlo,DR,Sam,19.11.2025,https://www.stjornarradid.is/gogn/urskurdir-og-alit-/stakur-urskurdur/?newsid=18ae2789-cc43-11f0-b897-005056bcde1f&cname=Mannanafnanefnd&cid=e219adf8-4214-11e7-941a-005056bc530c
3818,carlos,DR,Haf,27.06.2008,
4807,carlsberg,MI,Haf,13.12.2018,
2097,carmen,ST,Sam,,
1789,carolina,ST,Haf,,
5120,casandra,ST,Sam,26.07.2021,https://www.stjornarradid.is/gogn/urskurdir-og-alit-/stakur-urskurdur/?newsid=10de9c20-058e-11ec-813f-005056bc8c60&cname=Mannanafnanefnd&cid=e219adf8-4214-11e7-941a-005056bc530c
4156,castiel,DR,Haf,4.6.2011,
1689,cathinca,RST,Haf,,
4387,cathinca,ST,Sam,10.2.2014,
4883,catra,DR,Haf,02.09.2019,
1645,cecil,RDR,Sam,,
1713,cecilia,RST,Sam,,
3472,cecilía,ST,Sam,06.04.2004,
5409,celin,DR,Sam,10.08.2022,
7237,celina,ST,Sam,24.06.2025,https://www.stjornarradid.is/gogn/urskurdir-og-alit-/stakur-urskurdur/?newsid=75c0415b-5343-11f0-b892-005056bcde1f&cname=Mannanafnanefnd&cid=e219adf8-4214-11e7-941a-005056bc530c
1630,cesar,DR,Haf,05.09.2013,
4411,cesar,DR,Sam,09.04.2014,
4852,cesar,RDR,Sam,30.04.2019,
3859,cesil,ST,Haf,08.11.2008,
4905,charles,DR,Sam,06.11.2019,
5125,charlie,DR,Sam,06.08.2021,https://www.stjornarradid.is/gogn/urskurdir-og-alit-/stakur-urskurdur/?newsid=0b6787df-019e-11ec-813f-005056bc8c60&cname=Mannanafnanefnd&cid=e219adf8-4214-11e7-941a-005056bc530c
2098,charlotta,ST,Sam,,
2099,charlotte,ST,Sam,,
5514,chloé,ST,Sam,09.03.2023,https://www.stjornarradid.is/gogn/urskurdir-og-alit-/stakur-urskurdur/?newsid=22ceba55-bf29-11ed-9bb7-005056bc4727&cname=Mannanafnanefnd&cid=e219adf8-4214-11e7-941a-005056bc530c
3936,chris,DR,Haf,14.04.2009,
5276,chris,DR,Sam,13.01.2022,
5590,chrissie,ST,Sam,07.06.2023,https://www.stjornarradid.is/gogn/urskurdir-og-alit-/stakur-urskurdur/?newsid=ede8dd1f-14e6-11ee-9bbb-005056bc4727&cname=Mannanafnanefnd&cid=e219adf8-4214-11e7-941a-005056bc530c
4410,christa,ST,Haf,11.12.2012,
4423,christa,ST,Sam,20.06.2014,
1690,christel,RST,Haf,,
4362,christel,ST,Sam,16.10.2013,
287,christian,RDR,Sam,08.07.2009,
3494,christian,DR,Sam,11.03.2004,
3422,christiana,ST,Haf,,
1714,christina,RST,Sam,,
2100,christine,ST,Sam,,
3619,christofer,DR,Haf,18.07.2005,
3617,christopher,DR,Sam,18.07.2005,
3860,christín,ST,Haf,06.09.2007,
1715,clara,RST,Sam,,
4598,cleopatra,ST,Haf,03.06.2016,
5163,cleopatra,ST,Sam,09.09.2021,
4860,cleópatra,ST,Haf,08.05.2019,
4424,clinton,MI,Haf,30.7.2014,
4437,clinton,DR,Haf,3.10.2014,
3685,conny,ST,Haf,05.05.2006,
4511,cris,ST,Haf,04.06.2015,
5435,cristiano,DR,Sam,02.11.2022,
3668,curver,DR,Haf,27.02.2006,
7991,curver,DR,Haf,16.03.2026,https://www.stjornarradid.is/gogn/urskurdir-og-alit-/stakur-urskurdur/?newsid=b24f3d2e-2852-11f1-b89c-005056bcde1f&cname=Mannanafnanefnd&cid=e219adf8-4214-11e7-941a-005056bc530c
5941,cyrus,DR,Sam,16.04.2024,https://www.stjornarradid.is/gogn/urskurdir-og-alit-/stakur-urskurdur/?newsid=db79681a-fd5f-11ee-b883-005056bcde1f&cname=Mannanafnanefnd&cid=e219adf8-4214-11e7-941a-005056bc530c
4072,cæsar,DR,Haf,13.07.2010,
4512,cæsar,DR,Sam,27.05.2015,
3465,cýrus,DR,Sam,19.08.2004,
289,dagbjartur,DR,Sam,,
2102,dagbjörg,ST,Sam,,
3439,dagbjört,ST,Sam,,
290,dagfari,DR,Sam,,
291,dagfinnur,DR,Sam,,
2103,dagfríður,ST,Sam,,
292,daggeir,DR,Sam,,
3638,daggrós,ST,Sam,15.09.2005,
2104,dagheiður,ST,Sam,,
293,dagmann,DR,Sam,,
2105,dagmar,ST,Sam,,
2106,dagmey,ST,Sam,,
2107,dagný,ST,Sam,,
294,dagnýr,DR,Sam,,
2108,dagrún,ST,Sam,,
295,dagur,DR,Sam,,
296,dagþór,DR,Sam,,
4984,dahlía,ST,Haf,20.07.2020,
5530,dal,KH,Sam,30.03.2023,https://www.stjornarradid.is/gogn/urskurdir-og-alit-/stakur-urskurdur/?newsid=7c30cb3e-cfc5-11ed-9bb8-005056bc4727&cname=Mannanafnanefnd&cid=e219adf8-4214-11e7-941a-005056bc530c
4404,dalberg,MI,Haf,09.04.2014,
297,dalbert,DR,Sam,,
2109,daldís,ST,Sam,,
3662,daley,ST,Sam,26.01.2006,
3961,dalhoff,MI,Sam,17.12.2009,
2110,dalla,ST,Sam,,
5134,dalland,MI,Sam,11.08.2021,https://www.stjornarradid.is/gogn/urskurdir-og-alit-/stakur-urskurdur/?newsid=8bb87db4-01a4-11ec-813f-005056bc8c60&cname=Mannanafnanefnd&cid=e219adf8-4214-11e7-941a-005056bc530c
4130,dalli,DR,Sam,4.4.2011,
4194,dallilja,ST,Sam,28.10.2011,
298,dalmann,DR,Sam,,
299,dalmar,DR,Sam,,
3398,dalmar,MI,Haf,,
2111,dalrós,ST,Sam,,
4560,dalrún,ST,Sam,5.2.2016,
5416,dalur,DR,Sam,05.09.2022,
300,dalvin,DR,Sam,,
4333,dalí,DR,Sam,16.08.2013,
3468,dalía,ST,Sam,18.12.2003,
4246,damien,DR,Haf,14.05.2012,
301,damjan,DR,Sam,,
4407,damon,DR,Sam,03.04.2014,
4909,damíen,DR,Sam,06.11.2019,
302,dan,DR,Sam,,
1559,dan,MI,Sam,,
2112,dana,ST,Sam,,
303,danelíus,DR,Sam,,
2113,daney,ST,Sam,,
2114,danfríður,ST,Sam,,
2115,danheiður,ST,Sam,,
2116,danhildur,ST,Sam,,
4176,dania,ST,Haf,15.7.2011,
5025,dania,ST,Haf,19.10.2020,
7062,dania,ST,Sam,08.05.2025,https://www.stjornarradid.is/gogn/urskurdir-og-alit-/stakur-urskurdur/?newsid=ada0c281-2fed-11f0-b891-005056bcde1f&cname=Mannanafnanefnd&cid=e219adf8-4214-11e7-941a-005056bc530c
3500,daniel,DR,Haf,06.04.2004,
3618,daniel,DR,Sam,18.07.2005,
4552,daniela,ST,Haf,8.1.2016,
8370,danivaan,DR,Haf,26.05.2026,
1646,danival,RDR,Sam,,
3857,daniyal,DR,Haf,08.11.2007,
4719,danske,MI,Haf,26.01.2018,
4815,danski,MI,Haf,28.01.2019,
4259,dante,DR,Sam,21.06.2012,
2117,danía,ST,Sam,,
304,daníel,DR,Sam,,
2118,daníela,ST,Sam,,
2119,daníella,ST,Sam,,
305,daníval,DR,Sam,,
2120,dara,ST,Sam,,
307,darri,DR,Sam,,
4379,daría,ST,Sam,10.2.2014,
306,daríus,DR,Sam,,
308,davíð,DR,Sam,,
7054,dawn,ST,Sam,08.05.2025,https://www.stjornarradid.is/gogn/urskurdir-og-alit-/stakur-urskurdur/?newsid=caca5e7a-2fee-11f0-b891-005056bcde1f&cname=Mannanafnanefnd&cid=e219adf8-4214-11e7-941a-005056bc530c
2101,daðey,ST,Sam,,
288,daði,DR,Sam,,
3892,daðína,ST,Sam,10.10.2008,
3759,debora,RST,Sam,06.06.2007,
2121,debóra,ST,Sam,,
4918,deda,ST,Sam,11.12.2019,
5144,degen,MI,Haf,11.08.2021,
5159,degen,ST,Sam,09.09.2021,https://www.stjornarradid.is/gogn/urskurdir-og-alit-/stakur-urskurdur/?newsid=e26398c5-01ab-11ec-813f-005056bc8c60&cname=Mannanafnanefnd&cid=e219adf8-4214-11e7-941a-005056bc530c
3800,deimian,DR,Haf,08.04.2008,
3799,deimien,DR,Haf,08.04.2008,
7064,deimos,DR,Sam,08.05.2025,https://www.stjornarradid.is/gogn/urskurdir-og-alit-/stakur-urskurdur/?newsid=320301e1-2fec-11f0-b891-005056bcde1f&cname=Mannanafnanefnd&cid=e219adf8-4214-11e7-941a-005056bc530c
4902,delía,ST,Sam,03.10.2019,
309,demus,DR,Sam,,
2122,dendý,ST,Sam,,
4749,dengsi,DR,Sam,08.06.2018,
4135,dennis,DR,Sam,27.04.2011,
5356,denný,ST,Sam,25.04.2022,
4025,deníel,DR,Sam,18.02.2010,
4689,dexter,DR,Sam,22.09.2017,
4427,diamond,ST,Haf,30.7.2014,
3792,diana,ST,Haf,13.02.2008,
2123,didda,ST,Sam,,
3443,didda,ST,Sam,,
5298,diddi,DR,Sam,01.03.2022,
4200,diego,DR,Haf,28.10.2011,
4783,diego,DR,Sam,20.09.2018,
2124,dilja,ST,Sam,,
3609,diljan,MI,Sam,30.05.2005,
4542,diljar,DR,Sam,5.11.2015,
2125,diljá,ST,Sam,,
6949,dilla,ST,Sam,24.03.2025,https://www.stjornarradid.is/gogn/urskurdir-og-alit-/stakur-urskurdur/?newsid=108052d0-0b02-11f0-b88f-005056bcde1f&cname=Mannanafnanefnd&cid=e219adf8-4214-11e7-941a-005056bc530c
5319,dillý,ST,Sam,22.03.2022,
4394,dimma,ST,Sam,13.03.2014,
2126,dimmblá,ST,Sam,,
2127,dimmey,ST,Sam,,
4691,dissý,ST,Sam,22.09.2017,
4781,dittó,DR,Sam,20.09.2018,
310,diðrik,DR,Sam,,
5778,doddi,DR,Sam,06.12.2023,https://www.stjornarradid.is/gogn/urskurdir-og-alit-/stakur-urskurdur/?newsid=21e14cb9-94e9-11ee-b87f-005056bcde1f&cname=Mannanafnanefnd&cid=e219adf8-4214-11e7-941a-005056bc530c
311,dofri,DR,Sam,,
4068,dolli,DR,Sam,13.07.2010,
5355,dolma,ST,Sam,25.04.2022,
13,dominic,DR,Haf,15.09.2005,
4303,dominik,DR,Sam,21.12.2012,
2134,donna,ST,Sam,,
3464,doris,ST,Sam,18.12.2003,
1717,dorothea,RST,Sam,,
4763,dorri,DR,Sam,26.06.2018,
8544,drangey,ST,Sam,30.07.2026,
3908,drauma,ST,Sam,17.12.2008,
2138,draumey,ST,Sam,,
5113,draumland,MI,Sam,25.03.2021,https://www.stjornarradid.is/gogn/urskurdir-og-alit-/stakur-urskurdur/?newsid=cdfe5e82-9b8f-11eb-8134-005056bc8c60&cname=Mannanafnanefnd&cid=e219adf8-4214-11e7-941a-005056bc530c
7781,draumur,DR,Sam,18.12.2025,https://www.stjornarradid.is/gogn/urskurdir-og-alit-/stakur-urskurdur/?newsid=510678d0-dce5-11f0-b898-005056bcde1f&cname=Mannanafnanefnd&cid=e219adf8-4214-11e7-941a-005056bc530c
320,draupnir,DR,Sam,,
8690,drea,ST,Sam,08.09.2026,
3681,dreki,DR,Sam,31.10.2005,
321,drengur,DR,Sam,,
2140,droplaug,ST,Sam,,
2139,drífa,ST,Sam,,
5171,drómi,DR,Sam,09.09.2021,
2141,drótt,ST,Sam,,
2142,dröfn,ST,Sam,,
4446,duane,DR,Haf,3.10.2014,
322,dufgus,DR,Sam,,
323,dufþakur,DR,Sam,,
324,dugfús,DR,Sam,,
4061,duncan,DR,Haf,24.06.2010,
8096,dunya,ST,Sam,01.04.2026,
326,dvalinn,DR,Sam,,
4517,dylan,DR,Haf,29.06.2015,
4956,dylan,DR,Haf,21.04.2020,
5287,dylan,DR,Sam,26.01.2022,
1790,dyljá,ST,Haf,06.05.2016,
5007,dyljá,RST,Sam,21.09.2020,
4878,dynja,ST,Sam,07.08.2019,
4372,dynþór,DR,Sam,29.11.2013,
4678,dáð,ST,Sam,21.08.2017,
3581,dæja,ST,Sam,18.03.2005,
2128,día,ST,Sam,,
2129,díana,ST,Sam,,
1716,díanna,RST,Sam,,
5418,díbus,DR,Sam,05.09.2022,
4973,dídí,ST,Sam,22.06.2020,
2130,díma,ST,Sam,,
5525,dímon,DR,Sam,09.03.2023,https://www.stjornarradid.is/gogn/urskurdir-og-alit-/stakur-urskurdur/?newsid=04efd2a5-bf27-11ed-9bb7-005056bc4727&cname=Mannanafnanefnd&cid=e219adf8-4214-11e7-941a-005056bc530c
5946,dímítrí,DR,Sam,16.04.2024,https://www.stjornarradid.is/gogn/urskurdir-og-alit-/stakur-urskurdur/?newsid=08ab34e9-fd5e-11ee-b883-005056bcde1f&cname=Mannanafnanefnd&cid=e219adf8-4214-11e7-941a-005056bc530c
5454,díon,DR,Sam,30.11.2022,
2131,dís,ST,Sam,,
2132,dísa,ST,Sam,,
2133,dísella,ST,Sam,,
3498,díómedes,DR,Sam,06.04.2004,
3880,dóa,ST,Sam,06.02.2009,
312,dómald,DR,Sam,,
313,dómaldi,DR,Sam,,
314,dómaldur,DR,Sam,,
2135,dómhildur,ST,Sam,,
315,dónald,DR,Sam,,
316,dónaldur,DR,Sam,,
317,dór,DR,Sam,,
4794,dór,MI,Haf,16.10.2018,
2136,dóra,ST,Sam,,
3817,dórathea,ST,Haf,09.06.2008,
3844,dórey,ST,Sam,18.12.2007,
318,dóri,DR,Sam,,
4114,dóris,ST,Sam,9.2.2011,
3623,dórothea,ST,Sam,10.08.2005,
2137,dórótea,ST,Sam,,
5065,dóróthe,ST,Sam,22.02.2018,
1718,dóróthea,RST,Sam,,
4706,dóróþea,ST,Sam,24.11.2017,
319,dósóþeus,DR,Sam,,
2151,dögg,ST,Sam,,
4981,döggvi,DR,Sam,14.07.2020,
3516,dögun,ST,Sam,28.05.2004,
2143,dúa,ST,Sam,,
3879,dúa,MI,Haf,06.02.2009,
2144,dúfa,ST,Sam,,
325,dúi,DR,Sam,,
2145,dúna,ST,Sam,,
3600,dúnhaugur,MI,Haf,03.05.2005,
7320,dúni,DR,Sam,13.08.2025,https://www.stjornarradid.is/gogn/urskurdir-og-alit-/stakur-urskurdur/?newsid=90bf5687-79b6-11f0-b894-005056bcde1f&cname=Mannanafnanefnd&cid=e219adf8-4214-11e7-941a-005056bc530c
4182,dúnn,DR,Sam,12.8.2011,
4355,dúnna,ST,Sam,05.09.2013,
6407,dúrra,ST,Sam,16.09.2024,https://www.stjornarradid.is/gogn/urskurdir-og-alit-/stakur-urskurdur/?newsid=6cb45890-75c8-11ef-b888-005056bcde1f&cname=Mannanafnanefnd&cid=e219adf8-4214-11e7-941a-005056bc530c
2146,dýrborg,ST,Sam,,
2147,dýrfinna,ST,Sam,,
327,dýri,DR,Sam,,
5204,dýrlaug,ST,Sam,12.10.2021,
2148,dýrleif,ST,Sam,,
2149,dýrley,ST,Sam,,
328,dýrmundur,DR,Sam,,
2150,dýrunn,ST,Sam,,
2152,ebba,ST,Sam,,
4082,ebbi,DR,Sam,17.08.2010,
329,ebeneser,DR,Sam,,
3563,ebenezer,DR,Sam,28.12.2004,
3702,eberg,DR,Sam,14.07.2006,
4266,ebonney,ST,Sam,11.07.2012,
2153,edda,ST,Sam,,
4356,eddi,DR,Sam,05.09.2013,
2154,edel,ST,Sam,,
5152,eden,MI,Haf,09.09.2021,
5153,eden,ST,Sam,09.09.2021,https://www.stjornarradid.is/gogn/urskurdir-og-alit-/stakur-urskurdur/?newsid=0ba8464c-123d-11ec-813f-005056bc8c60&cname=Mannanafnanefnd&cid=e219adf8-4214-11e7-941a-005056bc530c
330,edgar,DR,Sam,,
2155,edil,ST,Sam,,
3942,edilon,DR,Sam,04.11.2009,
2156,edit,ST,Sam,,
1719,edith,RST,Sam,,
5537,edor,DR,Sam,30.03.2023,https://www.stjornarradid.is/gogn/urskurdir-og-alit-/stakur-urskurdur/?newsid=8e1264fa-cfcd-11ed-9bb8-005056bc4727&cname=Mannanafnanefnd&cid=e219adf8-4214-11e7-941a-005056bc530c
332,edvard,DR,Sam,,
333,edvin,DR,Sam,,
1647,edward,RDR,Sam,,
331,edílon,DR,Sam,,
2158,efemía,ST,Sam,,
337,efraím,DR,Sam,,
2159,egedía,ST,Sam,,
338,eggert,DR,Sam,,
2160,eggrún,ST,Sam,,
339,eggþór,DR,Sam,,
340,egill,DR,Sam,,
5087,egilína,ST,Sam,26.05.2021,https://www.stjornarradid.is/gogn/urskurdir-og-alit-/stakur-urskurdur/?newsid=5dd33531-bf98-11eb-813a-005056bc8c60&cname=Mannanafnanefnd&cid=e219adf8-4214-11e7-941a-005056bc530c
2161,egla,ST,Sam,,
5349,eia,ST,Sam,25.04.2022,
2164,eik,ST,Sam,,
3830,eikar,DR,Sam,25.09.2008,
5136,eileif,ST,Sam,11.08.2021,https://www.stjornarradid.is/gogn/urskurdir-og-alit-/stakur-urskurdur/?newsid=f76d03aa-056bc8c60&cname=Mannanafnanefnd&cid=e219adf8-4214-11e7-941a-005056bc530c
4522,eileithyia,ST,Haf,09.07.2015,
4509,eileithyja,ST,Haf,04.06.2015,
4521,eileiþía,ST,Sam,09.07.2015,
14,eilif,DR,Haf,,
4479,eilithya,ST,Haf,20.2.2015,
4616,eilíf,ST,Sam,16.09.2016,
342,eilífur,DR,Sam,,
343,einar,DR,Sam,,
4816,einara,ST,Sam,28.01.2019,
4557,einarr,DR,Haf,5.2.2016,
4174,einars,MI,Haf,12.8.2011,
4267,einbjörg,ST,Sam,11.07.2012,
2165,eindís,ST,Sam,,
2166,einey,ST,Sam,,
2167,einfríður,ST,Sam,,
2168,einhildur,ST,Sam,,
344,einir,DR,Sam,,
2169,einrún,ST,Sam,,
7058,einsa,ST,Sam,08.05.2025,https://www.stjornarradid.is/gogn/urskurdir-og-alit-/stakur-urskurdur/?newsid=af190fd4-2fea-11f0-b891-005056bcde1f&cname=Mannanafnanefnd&cid=e219adf8-4214-11e7-941a-005056bc530c
345,einvarður,DR,Sam,,
4115,einína,ST,Sam,9.2.2011,
346,einþór,DR,Sam,,
2170,eir,ST,Sam,,
4630,eir,DR,Sam,14.10.2016,
2171,eirdís,ST,Sam,,
2172,eirfinna,ST,Sam,,
2174,eirný,ST,Sam,,
2173,eiríka,ST,Sam,,
4599,eiríksína,ST,Sam,03.06.2016,
347,eiríkur,DR,Sam,,
3864,eirún,ST,Sam,13.02.2008,
5520,eiva,ST,Sam,09.03.2023,https://www.stjornarradid.is/gogn/urskurdir-og-alit-/stakur-urskurdur/?newsid=80d9244f-bf27-11ed-9bb7-005056bc4727&cname=Mannanafnanefnd&cid=e219adf8-4214-11e7-941a-005056bc530c
4123,eivin,DR,Sam,Úrskurður 2.3.2011,
4483,eivör,ST,Sam,20.2.2015,
3829,eiðar,DR,Sam,31.07.2008 ,
2162,eiðný,ST,Sam,,
2163,eiðunn,ST,Sam,,
341,eiður,DR,Sam,,
4240,ekene,ST,Haf,02.04.2012,
6412,ekkó,DR,Sam,16.09.2024,https://www.stjornarradid.is/gogn/urskurdir-og-alit-/stakur-urskurdur/?newsid=eda40d2a-7422-11ef-b888-005056bcde1f&cname=Mannanafnanefnd&cid=e219adf8-4214-11e7-941a-005056bc530c
4227,ektavon,DR,Haf,1.2.2012,
4228,ektavon,MI,Sam,1.2.2012,
4204,elba,ST,Sam,1.12.2011,
348,elberg,DR,Sam,,
349,elbert,DR,Sam,,
350,eldar,DR,Sam,,
4290,eldberg,MI,Sam,20.11.2012,
5942,eldbjartur,DR,Sam,16.04.2024,
2175,eldbjörg,ST,Sam,,
4877,eldborg,MI,Sam,07.08.2019,
4351,elddís,ST,Sam,04.11.1996,
2176,eldey,ST,Sam,,
4342,eldflaug,ST,Haf,29.07.2013,
351,eldgrímur,DR,Sam,,
5213,eldhamar,MI,Sam,17.11.2021,
5296,eldhamar,DR,Sam,26.01.2022,
352,eldjárn,DR,Sam,,
3812,eldlilja,ST,Sam,15.05.2008,
4265,eldmar,DR,Sam,11.07.2012,
4745,eldmey,ST,Sam,22.05.2018,
3695,eldon,DR,Haf,22.06.2006,
4093,eldon,DR,Sam,02.12.2010,
5721,eldrós,ST,Sam,02.10.2023,https://www.stjornarradid.is/gogn/urskurdir-og-alit-/stakur-urskurdur/?newsid=7011982c-61db-11ee-9bc0-005056bc4727&cname=Mannanafnanefnd&cid=e219adf8-4214-11e7-941a-005056bc530c
3956,eldrún,ST,Sam,17.12.2009,
354,eldur,DR,Sam,,
353,eldór,DR,Sam,,
4453,eldþóra,ST,Sam,,
4596,elea,ST,Sam,03.06.2016,
5148,eleana,ST,Sam,03.08.2021,https://www.stjornarradid.is/gogn/urskurdir-og-alit-/stakur-urskurdur/?newsid=82a04a1f-058e-11ec-813f-005056bc8c60&cname=Mannanafnanefnd&cid=e219adf8-4214-11e7-941a-005056bc530c
3677,eleanor,ST,Haf,29.03.2006,
2177,eleina,ST,Sam,,
3556,elektra,ST,Sam,16.11.2004,
2178,elena,ST,Sam,,
4004,elenborg,RST,Sam,08.07.2009,
1791,elenora,ST,Haf,,
5583,elenora,ST,Sam,07.06.2023,https://www.stjornarradid.is/gogn/urskurdir-og-alit-/stakur-urskurdur/?newsid=2e16fe59-14e9-11ee-9bbb-005056bc4727&cname=Mannanafnanefnd&cid=e219adf8-4214-11e7-941a-005056bc530c
355,elentínus,DR,Sam,,
2179,elenóra,RST,Sam,02.02.2007,
3643,eleonora,ST,Sam,19.9.2005,
3730,eleonora,RST,Sam,02.02.2007,
1720,elfa,RST,Sam,,
1648,elfar,RDR,Sam,,
356,elfráður,DR,Sam,,
5427,elfríð,ST,Sam,07.10.2022,
2180,elfur,ST,Sam,,
4471,elia,ST,Haf,19.1.2015,
3938,elias,DR,Haf,14.04.2009,
5390,elias,DR,Sam,20.06.2022,
8371,elidon,DR,Sam,29.05.2026,
5198,elika,ST,Sam,12.10.2021,
357,elimar,DR,Sam,,
1721,elina,RST,Sam,,
4302,elinborg,ST,Sam,09.01.2013,
4150,eline,ST,Haf,28.10.2004,
3684,elinor,ST,Haf,05.05.2006,
358,elinór,DR,Sam,,
2181,elinóra,ST,Sam,02.02.2007,
3795,elio,ST,Haf,13.02.2008,
5429,elio,DR,Sam,07.10.2022,
4915,eliott,DR,Haf,09.12.2019,
359,elis,DR,Sam,,
2182,elisabeth,ST,Sam,,
6238,elise,ST,Sam,09.08.2024,
1792,eliza,ST,Haf,,
4638,elizabet,ST,Sam,18.11.2016,
5083,elizabeth,ST,Sam,26.05.2021,https://www.stjornarradid.is/gogn/urskurdir-og-alit-/stakur-urskurdur/?newsid=efb0f7c8-bf96-11eb-813a-005056bc8c60&cname=Mannanafnanefnd&cid=e219adf8-4214-11e7-941a-005056bc530c
4893,elja,ST,Sam,09.10.2019,
5147,eljar,DR,Sam,11.08.2021,https://www.stjornarradid.is/gogn/urskurdir-og-alit-/stakur-urskurdur/?newsid=a7f7f634-01ae-11ec-813f-005056bc8c60&cname=Mannanafnanefnd&cid=e219adf8-4214-11e7-941a-005056bc530c
2196,elka,ST,Sam,,
2197,ella,ST,Sam,,
2198,ellen,ST,Sam,,
368,ellert,DR,Sam,,
2199,elley,ST,Sam,,
369,elli,DR,Sam,,
5820,elling,DR,Sam,24.01.2024,https://www.stjornarradid.is/gogn/urskurdir-og-alit-/stakur-urskurdur/?newsid=6cb2576d-bea6-11ee-b881-005056bcde1f&cname=Mannanafnanefnd&cid=e219adf8-4214-11e7-941a-005056bc530c
5091,elliot,DR,Haf,21.06.2021,https://www.stjornarradid.is/gogn/urskurdir-og-alit-/stakur-urskurdur/?newsid=82df28a7-d290-11eb-813d-005056bc8c60&cname=Mannanafnanefnd&cid=e219adf8-4214-11e7-941a-005056bc530c
5196,elliott,DR,Sam,12.10.2021,
2200,ellisif,ST,Sam,,
370,elliði,DR,Sam,,
4171,elly,ST,Sam,12.8.2011,
3845,ellín,ST,Sam,06.09.2007,
5092,ellíot,DR,Sam,21.06.2021,https://www.stjornarradid.is/gogn/urskurdir-og-alit-/stakur-urskurdur/?newsid=e7a60d55-d4cd-11eb-813d-005056bc8c60&cname=Mannanafnanefnd&cid=e219adf8-4214-11e7-941a-005056bc530c
4047,ellís,DR,Sam,28.04.2010,
2201,ellý,ST,Sam,,
2202,elma,ST,Sam,,
371,elmar,DR,Sam,,
2203,elna,ST,Sam,,
7317,elri,KH,Sam,13.08.2025,https://www.stjornarradid.is/gogn/urskurdir-og-alit-/stakur-urskurdur/?newsid=a16f1fa9-79b4-11f0-b894-005056bcde1f&cname=Mannanafnanefnd&cid=e219adf8-4214-11e7-941a-005056bc530c
2204,elsa,ST,Sam,,
2205,elsabet,ST,Sam,,
2206,elsie,ST,Sam,,
3802,elsí,ST,Sam,23.04.2008,
2207,elsý,ST,Sam,,
2208,elva,ST,Sam,,
3708,elvan,MI,Sam,31.08.2006,
372,elvar,DR,Sam,,
3943,elvi,ST,Sam,04.11.2009,
4152,elvin,DR,Sam,28.10.2004,
4396,elvira,ST,Sam,13.03.2014,
4107,elvis,DR,Sam,21.01.2011,
2209,elvíra,ST,Sam,,
2210,elvý,ST,Sam,,
360,elí,DR,Sam,,
3451,elí,ST,Haf,,
3452,elí,MI,Haf,,
2183,elía,ST,Sam,,
4345,elía,DR,Sam,29.07.2013,
5002,elían,DR,Sam,17.08.2020,
2184,elíana,ST,Sam,,
4611,elíanna,ST,Sam,05.08.2016,
361,elías,DR,Sam,,
362,elíeser,DR,Sam,,
363,elímar,DR,Sam,,
2185,elín,ST,Sam,,
2186,elína,ST,Sam,,
364,elínbergur,DR,Sam,,
3569,elínbet,ST,Sam,03.02.2005,
2188,elínbjörg,ST,Sam,,
2189,elínbjört,ST,Sam,,
2190,elínborg,ST,Sam,,
4029,elíndís,ST,Sam,24.03.2010,
5440,elíngunn,ST,Sam,02.11.2022,
2191,elíngunnur,ST,Sam,,
3604,elínheiður,ST,Sam,30.05.2005,
365,elínmundur,DR,Sam,,
3729,elínora,RST,Sam,02.02.2007,
2192,elínrós,ST,Sam,,
2187,elíná,ST,Sam,,
366,elínór,DR,Sam,,
4625,elínóra,ST,Sam,14.10.2016,
4916,elíott,DR,Sam,09.12.2019,
2193,elírós,ST,Sam,,
367,elís,DR,Sam,,
2194,elísa,ST,Sam,,
2195,elísabet,ST,Sam,,
1722,elísabeth,RST,Sam,,
3485,elísberg,MI,Sam,12.02.2004,
1793,elíza,ST,Haf,,
4373,elíza,ST,Sam,29.11.2013,
4821,elízabet,ST,Sam,28.01.2019,
5099,eló,KH,Sam,01.07.2021,https://www.stjornarradid.is/gogn/urskurdir-og-alit-/stakur-urskurdur/?newsid=8a4c94a0-db35-11eb-813d-005056bc8c60&cname=Mannanafnanefnd&cid=e219adf8-4214-11e7-941a-005056bc530c
5045,emanuel,DR,Sam,22.12.2020,
373,emanúel,DR,Sam,,
4822,emanúela,ST,Sam,28.01.2019,
2211,embla,ST,Sam,,
374,embrek,DR,Sam,,
4741,emely,ST,Sam,18.04.2018,
5405,emelí,ST,Sam,10.08.2022,
1723,emelía,RST,Sam,,
2212,emelíana,ST,Sam,,
2213,emelína,ST,Sam,,
4613,emelíta,ST,,17.02.1993,
5529,emelý,ST,Sam,30.03.2023,https://www.stjornarradid.is/gogn/urskurdir-og-alit-/stakur-urskurdur/?newsid=368bd512-cfc5-11ed-9bb8-005056bc4727&cname=Mannanafnanefnd&cid=e219adf8-4214-11e7-941a-005056bc530c
3884,emerald,DR,Sam,16.05.2009,
3932,emeralda,ST,Sam,14.05.2009,
7428,emerentíana,ST,Sam,12.09.2025,https://www.stjornarradid.is/gogn/urskurdir-og-alit-/stakur-urskurdur/?newsid=65e3651f-979b-11f0-b895-005056bcde1f&cname=Mannanafnanefnd&cid=e219adf8-4214-11e7-941a-005056bc530c
7325,emhild,ST,Sam,13.08.2025,https://www.stjornarradid.is/gogn/urskurdir-og-alit-/stakur-urskurdur/?newsid=af1d9429-79b8-11f0-b894-005056bcde1f&cname=Mannanafnanefnd&cid=e219adf8-4214-11e7-941a-005056bc530c
5183,emi,ST,Sam,04.10.2021,
375,emil,DR,Sam,,
4210,emilia,ST,Haf,19.12.2011,
5105,emill,DR,Sam,25.03.2021,https://www.stjornarradid.is/gogn/urskurdir-og-alit-/stakur-urskurdur/?newsid=7c57f006-9b80-11eb-8134-005056bc8c60&cname=Mannanafnanefnd&cid=e219adf8-4214-11e7-941a-005056bc530c
5522,emilí,ST,Sam,09.03.2023,https://www.stjornarradid.is/gogn/urskurdir-og-alit-/stakur-urskurdur/?newsid=8ea1bd89-bf29-11ed-9bb7-005056bc4727&cname=Mannanafnanefnd&cid=e219adf8-4214-11e7-941a-005056bc530c
2214,emilía,ST,Sam,,
2215,emilíana,ST,Sam,,
2216,emilíanna,ST,Sam,,
2217,emilý,ST,Sam,,
4543,emir,DR,Sam,5.11.2015,
2218,emma,ST,Sam,,
3950,emmanuel,DR,Haf,04.11.2009,
3952,emmanúel,DR,Sam,04.11.2009,
5363,emmi,DR,Sam,24.05.2022,
4096,emmy,ST,Haf,02.12.2010,
4097,emmý,ST,Sam,02.12.2010,
5811,emír,DR,Sam,24.01.2024,https://www.stjornarradid.is/gogn/urskurdir-og-alit-/stakur-urskurdur/?newsid=468ba10f-bea9-11ee-b881-005056bcde1f&cname=Mannanafnanefnd&cid=e219adf8-4214-11e7-941a-005056bc530c
2219,emý,ST,Sam,,
2220,enea,ST,Sam,,
2221,eneka,ST,Sam,,
3651,engifer,DR,Haf,25.11.2005,
376,engilbert,DR,Sam,,
377,engilbjartur,DR,Sam,,
2222,engilbjört,ST,Sam,,
378,engiljón,DR,Sam,,
379,engill,DR,Sam,,
2223,engilráð,ST,Sam,,
4045,engilrós,ST,Sam,12.05.2010,
2224,engla,ST,Sam,,
2225,enika,ST,Sam,,
2226,enja,ST,Sam,,
380,enok,DR,Sam,,
7710,enora,ST,Sam,20.11.2025,https://www.stjornarradid.is/gogn/urskurdir-og-alit-/stakur-urskurdur/?newsid=b2e8b34f-cc3e-11f0-b897-005056bcde1f&cname=Mannanafnanefnd&cid=e219adf8-4214-11e7-941a-005056bc530c
15,enrique,DR,Haf,,
5743,enya,ST,Sam,30.10.2023,https://www.stjornarradid.is/gogn/urskurdir-og-alit-/stakur-urskurdur/?newsid=fb615d54-77d0-11ee-9bc1-005056bc4727&cname=Mannanafnanefnd&cid=e219adf8-4214-11e7-941a-005056bc530c
4415,eníta,ST,Sam,21.05.2014,
2227,enóla,ST,Sam,,
4862,eragon,DR,Sam,5. júlí 2019,
4676,erasmus,DR,Sam,21.08.2017,
4035,eres,ST,Sam,07.04.2010,
1649,eric,RDR,Sam,,
4036,erica,ST,Haf,15.04.2010,
4928,erica,RST,Sam,11.12.2019,
381,erik,DR,Sam,,
2228,erika,ST,Sam,,
4162,erin,ST,Sam,22.06.2011,
2229,erla,ST,Sam,,
382,erlar,DR,Sam,,
2230,erlen,ST,Sam,,
383,erlendur,DR,Sam,,
4857,erlinda,ST,Sam,22.05.2019,
384,erling,DR,Sam,,
4067,erlingsen,RDR,Haf,13.07.2010,
385,erlingur,DR,Sam,,
2231,erlín,ST,Sam,,
4555,ermenga,ST,Sam,1.2.2012,
4430,ermenrekur,DR,Sam,30.7.2014,
2232,erna,ST,Sam,,
4780,ernest,DR,Sam,20.09.2018,
3598,ernestó,DR,Sam,03.05.2005,
386,ernir,DR,Sam,,
387,ernst,DR,Sam,,
388,eron,DR,Sam,,
4669,eros,DR,Sam,23.05.2017,
389,erpur,DR,Sam,,
3573,erykah,ST,Haf,03.02.2005-05.05.2006,
5210,erykah,ST,Sam,17.11.2021,
390,esekíel,DR,Sam,,
5367,esi,DR,Sam,24.05.2022,
2233,esja,ST,Sam,,
391,esjar,DR,Sam,,
5063,esjarr,DR,Haf,19.01.2021,
4421,eskfjörð,MI,Sam,20.06.2014,
4485,eskja,ST,Sam,23.03.2015,
3576,esmeralda,ST,Sam,04.03.2005,
3632,espólín,MI,Sam,10.08.2005,
392,esra,DR,Sam,,
3579,estefan,DR,Sam,18.03.2005,
4662,estel,ST,Sam,18.04.2017,
2234,ester,ST,Sam,,
1724,esther,RST,Sam,,
2235,estiva,ST,Sam,,
5074,estíva,ST,Sam,24.02.2021,
4551,esí,ST,Sam,17.12.2015,
4499,ethan,DR,Haf,24.04.2015,
2236,ethel,ST,Sam,,
3778,etienne,MI,Haf,11.10.2006,
3779,etienne,DR,Haf,11.10.2006,
2237,etna,ST,Sam,,
3719,eufemía,RST,Sam,29.12.2006,
3552,eugene,DR,Haf,22.09.2004,
7244,eugenía,ST,Sam,24.06.2025,https://www.stjornarradid.is/gogn/urskurdir-og-alit-/stakur-urskurdur/?newsid=99c68e15-5345-11f0-b892-005056bcde1f&cname=Mannanafnanefnd&cid=e219adf8-4214-11e7-941a-005056bc530c
2238,eva,ST,Sam,,
4012,evald,DR,Sam,17.09.2009,
4238,evan,DR,Sam,02.04.2012,
3436,evelyn,ST,Sam,,
4890,evelía,ST,Sam,05.09.2019,
393,evert,DR,Sam,,
3901,evey,ST,Sam,12.11.2008,
1725,evfemía,RST,Sam,,
2239,evgenía,ST,Sam,,
5725,evin,ST,Sam,02.10.2023,https://www.stjornarradid.is/gogn/urskurdir-og-alit-/stakur-urskurdur/?newsid=3a03774d-61db-11ee-9bc0-005056bc4727&cname=Mannanafnanefnd&cid=e219adf8-4214-11e7-941a-005056bc530c
2241,evlalía,ST,Sam,,
4336,evían,DR,Sam,16.08.2013,
2240,evíta,ST,Sam,,
4855,ewald,DR,Haf,22.05.2019,
4179,ey,ST,Sam,4.8.2011,
394,eyberg,DR,Sam,,
2242,eybjörg,ST,Sam,,
3773,eybjört,ST,Sam,14.11.2006,
4359,eyborg,ST,Sam,16.10.2013,
2243,eydís,ST,Sam,,
5028,eydór,DR,Sam,19.10.2020,
3459,eyfjörð,MI,Sam,,
2244,eyfríður,ST,Sam,,
2245,eygerður,ST,Sam,,
2246,eygló,ST,Sam,,
2247,eyhildur,ST,Sam,,
1560,eyhlíð,MI,Sam,,
2248,eyja,ST,Sam,,
2249,eyjalín,ST,Sam,,
4618,eyjar,DR,Sam,16.09.2016,
395,eyjólfur,DR,Sam,,
4766,eykam,MI,Haf,14.08.2018,
4767,eykam,DR,Sam,14.08.2018,
396,eylaugur,DR,Sam,,
2250,eyleif,ST,Sam,,
397,eyleifur,DR,Sam,,
2251,eylín,ST,Sam,,
398,eymar,DR,Sam,,
5879,eymir,DR,Sam,13.03.2024,https://www.stjornarradid.is/gogn/urskurdir-og-alit-/stakur-urskurdur/?newsid=6978cee6-e1f2-11ee-b883-005056bcde1f&cname=Mannanafnanefnd&cid=e219adf8-4214-11e7-941a-005056bc530c
399,eymundur,DR,Sam,,
5541,eyr,ST,Haf,04.05.2023,https://www.stjornarradid.is/gogn/urskurdir-og-alit-/stakur-urskurdur/?newsid=6b36449c-ee56-11ed-9bb9-005056bc4727&cname=Mannanafnanefnd&cid=e219adf8-4214-11e7-941a-005056bc530c
5842,eyrarrós,ST,Sam,07.03.2024,https://www.stjornarradid.is/gogn/urskurdir-og-alit-/stakur-urskurdur/?newsid=5ee0faf8-e1e9-11ee-b883-005056bcde1f&cname=Mannanafnanefnd&cid=e219adf8-4214-11e7-941a-005056bc530c
5269,eyrfeld,MI,Sam,16.12.2021,
400,eyríkur,DR,Sam,,
2252,eyrós,ST,Sam,,
2253,eyrún,ST,Sam,,
401,eysteinn,DR,Sam,,
4639,eyva,ST,Sam,02.12.2016,
402,eyvar,DR,Sam,,
2254,eyveig,ST,Sam,,
403,eyvindur,DR,Sam,,
1561,eyvík,MI,Sam,,
2255,eyvör,ST,Sam,,
5314,eyð,ST,Sam,22.03.2022,
2257,eyþrúður,ST,Sam,,
404,eyþór,DR,Sam,,
2256,eyþóra,ST,Sam,,
3858,ezra,DR,Haf,03.10.2019,
5723,ezra,DR,Sam,02.10.2023,https://www.stjornarradid.is/gogn/urskurdir-og-alit-/stakur-urskurdur/?newsid=0a6bb394-61d8-11ee-9bc0-005056bc4727&cname=Mannanafnanefnd&cid=e219adf8-4214-11e7-941a-005056bc530c
2157,eðna,ST,Sam,,
334,eðvald,DR,Sam,,
3399,eðvald,MI,Haf,,
4823,eðvald,MI,Haf,28.01.2019,
335,eðvar,DR,Sam,,
336,eðvarð,DR,Sam,,
3835,fabio,DR,Haf,25.09.2008,
405,fabrisíus,DR,Sam,,
406,falgeir,DR,Sam,,
1562,falk,MI,Sam,,
407,falur,DR,Sam,,
408,fannar,DR,Sam,,
409,fannberg,DR,Sam,,
2258,fanndís,ST,Sam,,
2259,fanney,ST,Sam,,
410,fanngeir,DR,Sam,,
2260,fannlaug,ST,Sam,,
1726,fanny,RST,Sam,,
2261,fanný,ST,Sam,,
4649,fannþór,DR,Sam,09.02.2017,
4031,febrún,ST,Sam,26.03.2010,
8060,felex,DR,Haf,16.03.2026,https://www.stjornarradid.is/gogn/urskurdir-og-alit-/stakur-urskurdur/?newsid=f48d3dbf-2855-11f1-b89c-005056bcde1f&cname=Mannanafnanefnd&cid=e219adf8-4214-11e7-941a-005056bc530c
412,felix,DR,Sam,,
2262,fema,ST,Sam,,
413,fengur,DR,Sam,,
7097,fenix,DR,Sam,23.05.2025,https://www.stjornarradid.is/gogn/urskurdir-og-alit-/stakur-urskurdur/?newsid=51106cf8-4c35-11f0-b892-005056bcde1f&cname=Mannanafnanefnd&cid=e219adf8-4214-11e7-941a-005056bc530c
414,fenrir,DR,Sam,,
4054,fenris,DR,Haf,05.09.2013,
4055,fenris,MI,Haf,24.06.2010,
1650,ferdinand,RDR,Sam,,
415,ferdínand,DR,Sam,,
3897,fernando,DR,Haf,12.11.2008,
4165,fertram,DR,Sam,01.07.2011,
416,feykir,DR,Sam,,
417,filip,DR,Sam,,
2263,filippa,ST,Sam,,
418,filippus,DR,Sam,,
2264,filippía,ST,Sam,,
3775,filipía,ST,Sam,11.10.2006,
419,finn,DR,Sam,,
2265,finna,ST,Sam,,
2266,finnbjörg,ST,Sam,,
2267,finnbjörk,ST,Sam,,
420,finnbjörn,DR,Sam,,
2268,finnboga,ST,Sam,,
421,finnbogi,DR,Sam,,
2269,finnborg,ST,Sam,,
3853,finndal,MI,Sam,08.11.2007,
2270,finndís,ST,Sam,,
2271,finney,ST,Sam,,
2272,finnfríður,ST,Sam,,
422,finngeir,DR,Sam,,
16,finngálkn,DR,Haf,,
3400,finngálkn,MI,Haf,,
4953,finni,DR,Sam,19.03.2020,
423,finnjón,DR,Sam,,
2273,finnlaug,ST,Sam,,
424,finnlaugur,DR,Sam,,
3999,finnrós,ST,Sam,08.07.2009,
425,finnur,DR,Sam,,
426,finnvarður,DR,Sam,,
428,fjalar,DR,Sam,,
4683,fjalarr,DR,Sam,22.09.2017,
3566,fjalldís,ST,Sam,28.12.2004,
6139,fjalley,ST,Sam,27.05.2024,https://www.stjornarradid.is/gogn/urskurdir-og-alit-/stakur-urskurdur/?newsid=1e17b245-2e25-11ef-b885-005056bcde1f&cname=Mannanafnanefnd&cid=e219adf8-4214-11e7-941a-005056bc530c
4397,fjallmann,MI,Sam,13.03.2014,
5283,fjara,ST,Sam,13.01.2022,
4220,fjarki,DR,Sam,22.12.2011,
2277,fjóla,ST,Sam,,
429,fjólar,DR,Sam,,
430,fjólmundur,DR,Sam,,
431,fjölnir,DR,Sam,,
432,fjölvar,DR,Sam,,
433,fjörnir,DR,Sam,,
7638,fjörður,DR,Sam,05.11.2025,https://www.stjornarradid.is/gogn/urskurdir-og-alit-/stakur-urskurdur/?newsid=f347f6db-cc3e-11f0-b897-005056bcde1f&cname=Mannanafnanefnd&cid=e219adf8-4214-11e7-941a-005056bc530c
5975,flati,DR,Sam,26.04.2024,https://www.stjornarradid.is/gogn/urskurdir-og-alit-/stakur-urskurdur/?newsid=fff5776d-03d9-11ef-b883-005056bcde1f&cname=Mannanafnanefnd&cid=e219adf8-4214-11e7-941a-005056bc530c
434,flemming,DR,Sam,,
4447,fletcher,MI,Haf,3.10.2014,
435,flosi,DR,Sam,,
436,flóki,DR,Sam,,
2278,flóra,ST,Sam,,
437,flórent,DR,Sam,,
7675,flóres,DR,Sam,19.11.2025,https://www.stjornarradid.is/gogn/urskurdir-og-alit-/stakur-urskurdur/?newsid=dbd0ccca-cc42-11f0-b897-005056bcde1f&cname=Mannanafnanefnd&cid=e219adf8-4214-11e7-941a-005056bc530c
438,flóvent,DR,Sam,,
4350,fold,ST,Sam,29.07.2013,
2279,folda,ST,Sam,,
439,forni,DR,Sam,,
5139,foss,MI,Haf,11.08.2021,
5140,foss,DR,Sam,11.08.2021,https://www.stjornarradid.is/gogn/urskurdir-og-alit-/stakur-urskurdur/?newsid=8523e4b5-01aa-11ec-813f-005056bc8c60&cname=Mannanafnanefnd&cid=e219adf8-4214-11e7-941a-005056bc530c
1563,fossberg,MI,Sam,,
4070,fossmar,MI,Haf,13.07.2010,
4071,fossmar,DR,Sam,13.07.2010,
6176,foster,DR,Sam,02.07.2024,https://www.stjornarradid.is/gogn/urskurdir-og-alit-/stakur-urskurdur/?newsid=8e12c80a-3abf-11ef-b886-005056bcde1f&cname=Mannanafnanefnd&cid=e219adf8-4214-11e7-941a-005056bc530c
5685,fox,DR,Sam,25.08.2023,https://www.stjornarradid.is/gogn/urskurdir-og-alit-/stakur-urskurdur/?newsid=0a5e8a77-4b2a-11ee-9bbe-005056bc4727&cname=Mannanafnanefnd&cid=e219adf8-4214-11e7-941a-005056bc530c
3640,francis,DR,Sam,15.09.2005,
3742,francisco,DR,Haf,20.07.2007,
441,frank,DR,Sam,,
4997,franka,ST,Sam,17.08.2020,
4810,franklin,DR,Sam,13.12.2018,
442,franklín,DR,Sam,,
443,frans,DR,Sam,,
2280,fransiska,ST,Sam,,
1651,franz,RDR,Sam,,
3629,franzis,DR,Haf,10.08.2005,
1691,franzisca,RST,Haf,,
3804,franzisca,ST,Haf,23.04.2008,
4022,franzisca,RST,Haf,20.11.2012,
4778,franzisca,ST,Sam,22.08.2018,
1727,franziska,RST,Sam,,
5047,frederik,RDR,Sam,22.12.2020,
2282,fregn,ST,Sam,,
7055,frey,KH,Sam,08.05.2025,https://www.stjornarradid.is/gogn/urskurdir-og-alit-/stakur-urskurdur/?newsid=825b4c24-2feb-11f0-b891-005056bcde1f&cname=Mannanafnanefnd&cid=e219adf8-4214-11e7-941a-005056bc530c
4056,freya,ST,Haf,24.06.2010,
5425,freya,ST,Sam,05.09.2022,
446,freybjörn,DR,Sam,,
1564,freydal,MI,Sam,,
2283,freydís,ST,Sam,,
447,freygarður,DR,Sam,,
2284,freygerður,ST,Sam,,
2285,freyja,ST,Sam,,
8438,freyjó,KH,Sam,29.05.2026,
2286,freylaug,ST,Sam,,
2287,freyleif,ST,Sam,,
4580,freymann,DR,Sam,06.05.2016,
448,freymar,DR,Sam,,
450,freymundur,DR,Sam,,
449,freymóður,DR,Sam,,
451,freyr,DR,Sam,,
6041,freysi,DR,Sam,15.05.2024,https://www.stjornarradid.is/gogn/urskurdir-og-alit-/stakur-urskurdur/?newsid=bdf043c4-1376-11ef-b884-005056bcde1f&cname=Mannanafnanefnd&cid=e219adf8-4214-11e7-941a-005056bc530c
452,freysteinn,DR,Sam,,
453,freyviður,DR,Sam,,
454,freyþór,DR,Sam,,
4007,frida,ST,Haf,08.07.2009,
4606,frida,ST,Sam,24.06.2016,
4236,friedrich,DR,Sam,02.04.2012,
2309,frigg,ST,Sam,,
473,fritz,DR,Sam,,
455,friðberg,DR,Sam,,
456,friðbergur,DR,Sam,,
457,friðbert,DR,Sam,,
2288,friðbjörg,ST,Sam,,
458,friðbjörn,DR,Sam,,
2289,friðbjört,ST,Sam,,
2290,friðborg,ST,Sam,,
2291,friðdís,ST,Sam,,
2292,friðdóra,ST,Sam,,
2293,friðey,ST,Sam,,
2294,friðfinna,ST,Sam,,
459,friðfinnur,DR,Sam,,
460,friðgeir,DR,Sam,,
2295,friðgerður,ST,Sam,,
1565,friðhólm,MI,Sam,,
461,friðjón,DR,Sam,,
2296,friðjóna,ST,Sam,,
2297,friðlaug,ST,Sam,,
462,friðlaugur,DR,Sam,,
2298,friðleif,ST,Sam,,
463,friðleifur,DR,Sam,,
2299,friðlín,ST,Sam,,
464,friðmann,DR,Sam,,
465,friðmar,DR,Sam,,
2300,friðmey,ST,Sam,,
466,friðmundur,DR,Sam,,
2301,friðný,ST,Sam,,
467,friðrik,DR,Sam,,
2302,friðrika,ST,Sam,,
2303,friðrikka,ST,Sam,,
4770,friðríkur,DR,Sam,14.08.2018,
2304,friðrós,ST,Sam,,
2305,friðrún,ST,Sam,,
2306,friðsemd,ST,Sam,,
468,friðsteinn,DR,Sam,,
469,friður,DR,Sam,,
2307,friðveig,ST,Sam,,
470,friðvin,DR,Sam,,
7823,friðálv,DR,Sam,20.01.2026,https://www.stjornarradid.is/gogn/urskurdir-og-alit-/stakur-urskurdur/?newsid=eca67d21-f6cb-11f0-b899-005056bcde1f&cname=Mannanafnanefnd&cid=e219adf8-4214-11e7-941a-005056bc530c
471,friðþjófur,DR,Sam,,
472,friðþór,DR,Sam,,
2308,friðþóra,ST,Sam,,
5182,frost,KH,Sam,29.12.2020,
5423,frostberg,MI,Sam,05.09.2022,
475,frosti,DR,Sam,,
3981,frostrós,ST,Sam,04.06.2009,
5217,frostsólarún,ST,Haf,17.11.2021,
4872,frostúlfur,DR,Sam,07.08.2019,
17,fryolf,DR,Haf,,
2281,frán,ST,Sam,,
444,fránn,DR,Sam,,
445,frár,DR,Sam,,
474,frímann,DR,Sam,,
2310,fríða,ST,Sam,,
5856,fríðhólm,MI,Sam,07.03.2024,https://www.stjornarradid.is/gogn/urskurdir-og-alit-/stakur-urskurdur/?newsid=17ad998c-e1ef-11ee-b883-005056bcde1f&cname=Mannanafnanefnd&cid=e219adf8-4214-11e7-941a-005056bc530c
4405,fríðsteinn,DR,Sam,03.04.2014,
2311,fríður,ST,Sam,,
476,fróði,DR,Sam,,
477,fróðmar,DR,Sam,,
2312,fróðný,ST,Sam,,
478,funi,DR,Sam,,
2313,fura,ST,Sam,,
479,fylkir,DR,Sam,,
411,fáfnir,DR,Sam,,
4023,fálki,MI,Haf,18.02.2010,
4024,fálki,DR,Sam,18.02.2010,
5516,fædon,DR,Sam,09.03.2023,https://www.stjornarradid.is/gogn/urskurdir-og-alit-/stakur-urskurdur/?newsid=589063eb-bf29-11ed-9bb7-005056bc4727&cname=Mannanafnanefnd&cid=e219adf8-4214-11e7-941a-005056bc530c
5375,fævý,ST,Sam,24.05.2022,
2274,fía,ST,Sam,,
2275,fídes,ST,Sam,,
2276,fífa,ST,Sam,,
427,fífill,DR,Sam,,
4370,fíus,DR,Sam,29.11.2013,
6679,fíóna,ST,Sam,23.01.2025,https://www.stjornarradid.is/gogn/urskurdir-og-alit-/stakur-urskurdur/?newsid=d70a98dc-e3a1-11ef-b88e-005056bcde1f&cname=Mannanafnanefnd&cid=e219adf8-4214-11e7-941a-005056bc530c
440,fólki,DR,Sam,,
5821,föld,ST,Sam,25.01.2024,https://www.stjornarradid.is/gogn/urskurdir-og-alit-/stakur-urskurdur/?newsid=75f99a4f-bea5-11ee-b881-005056bcde1f&cname=Mannanafnanefnd&cid=e219adf8-4214-11e7-941a-005056bc530c
2314,fönn,ST,Sam,,
3488,fúsi,DR,Sam,12.02.2004,
1639,gabriel,RDR,Sam,,
3652,gabriel,RDR,Sam,25.11.2005,
4635,gabriela,ST,Sam,18.11.2016,
480,gabríel,DR,Sam,,
2315,gabríela,ST,Sam,,
2316,gabríella,ST,Sam,,
5876,gabríerla,ST,Sam,13.03.2024,
4594,gaddi,DR,Sam,03.06.2016,
3920,gael,DR,Sam,30.04.2009,
4496,gail,ST,Haf,24.04.2015,
5351,gaja,ST,Sam,25.04.2022,
481,galdur,DR,Sam,,
4694,galti,DR,Sam,11.09.2017,
482,gamalíel,DR,Sam,,
4151,ganagane,DR,Haf,28.10.2004,
6505,gandri,DR,Sam,20.11.2024,https://www.stjornarradid.is/gogn/urskurdir-og-alit-/stakur-urskurdur/?newsid=7db8a2b8-a74f-11ef-b88a-005056bcde1f&cname=Mannanafnanefnd&cid=e219adf8-4214-11e7-941a-005056bc530c
5478,ganna,ST,Sam,09.02.2023,https://www.stjornarradid.is/gogn/urskurdir-og-alit-/stakur-urskurdur/?newsid=c79b6a34-ab8c-11ed-9bb5-f992086adea7&cname=Mannanafnanefnd&cid=e219adf8-4214-11e7-941a-005056bc530c
5746,garbó,ST,Sam,30.10.2023,https://www.stjornarradid.is/gogn/urskurdir-og-alit-/stakur-urskurdur/?newsid=62444a77-77cf-11ee-9bc1-005056bc4727&cname=Mannanafnanefnd&cid=e219adf8-4214-11e7-941a-005056bc530c
484,garibaldi,DR,Sam,,
485,garpur,DR,Sam,,
486,garri,DR,Sam,,
483,garðar,DR,Sam,,
4887,gaston,DR,Sam,02.09.2019,
3484,gaui,DR,Sam,12.02.2004,
2317,gauja,ST,Sam,,
4377,gauji,DR,Haf,19.12.2013,
487,gaukur,DR,Sam,,
2318,gauthildur,ST,Sam,,
488,gauti,DR,Sam,,
489,gautrekur,DR,Sam,,
490,gautur,DR,Sam,,
3401,gautur,MI,Haf,,
491,gautviður,DR,Sam,,
2319,gefjun,ST,Sam,,
2320,gefn,ST,Sam,,
4709,geimar,DR,Sam,22.12.2017,
492,geir,DR,Sam,,
2321,geira,ST,Sam,,
493,geirarður,DR,Sam,,
2322,geirbjörg,ST,Sam,,
2323,geirdís,ST,Sam,,
2324,geirfinna,ST,Sam,,
494,geirfinnur,DR,Sam,,
2325,geirfríður,ST,Sam,,
495,geirharður,DR,Sam,,
2326,geirhildur,ST,Sam,,
4278,geirhjörtur,DR,Sam,13.09.2012,
496,geirhvatur,DR,Sam,,
3687,geiri,DR,Sam,25.05.2006,
2327,geirlaug,ST,Sam,,
497,geirlaugur,DR,Sam,,
498,geirleifur,DR,Sam,,
2328,geirlöð,ST,Sam,,
499,geirmundur,DR,Sam,,
2329,geirný,ST,Sam,,
2330,geirríður,ST,Sam,,
501,geirröður,DR,Sam,,
2331,geirrún,ST,Sam,,
502,geirtryggur,DR,Sam,,
503,geirvaldur,DR,Sam,,
500,geirólfur,DR,Sam,,
504,geirþjófur,DR,Sam,,
2332,geirþrúður,ST,Sam,,
505,geisli,DR,Sam,,
5208,geitin,ST,Haf,17.11.2021,
506,gellir,DR,Sam,,
507,georg,DR,Sam,,
4806,george,DR,Sam,13.12.2018,
1794,georgina,ST,Haf,,
4160,georgía,MI,Haf,16.06.2011,
4161,georgía,ST,Sam,16.06.2011,
508,gerald,DR,Sam,,
510,geri,DR,Sam,,
2333,gerða,ST,Sam,,
509,gerðar,DR,Sam,,
2334,gerður,ST,Sam,,
4577,gestar,DR,Sam,06.05.2016,
2335,gestheiður,ST,Sam,,
2336,gestný,ST,Sam,,
2337,gestrún,ST,Sam,,
4332,gests,MI,Haf,16.08.2013,
511,gestur,DR,Sam,,
512,gilbert,DR,Sam,,
1566,giljan,MI,Sam,,
4422,gill,DR,Sam,20.06.2014,
4690,gilla,ST,Sam,22.09.2017,
2338,gillý,ST,Sam,,
513,gilmar,DR,Sam,,
514,gils,DR,Sam,,
3700,gilsfjörð,MI,Sam,14.07.2006,
2339,gilslaug,ST,Sam,,
2340,gissunn,ST,Sam,,
515,gissur,DR,Sam,,
516,gizur,DR,Sam,,
2347,gjaflaug,ST,Sam,,
5176,gjóska,ST,Sam,09.09.2021,
5789,gjöll,ST,Sam,06.12.2023,https://www.stjornarradid.is/gogn/urskurdir-og-alit-/stakur-urskurdur/?newsid=c78c08b0-94ed-11ee-b87f-005056bcde1f&cname=Mannanafnanefnd&cid=e219adf8-4214-11e7-941a-005056bc530c
519,gjúki,DR,Sam,,
7818,gletting,MI,Sam,20.01.2026,https://www.stjornarradid.is/gogn/urskurdir-og-alit-/stakur-urskurdur/?newsid=9c85bf4e-f6ca-11f0-b899-005056bcde1f&cname=Mannanafnanefnd&cid=e219adf8-4214-11e7-941a-005056bc530c
5524,gleymmérei,ST,Sam,09.03.2023,https://www.stjornarradid.is/gogn/urskurdir-og-alit-/stakur-urskurdur/?newsid=cc293f14-bf26-11ed-9bb7-005056bc4727&cname=Mannanafnanefnd&cid=e219adf8-4214-11e7-941a-005056bc530c
4812,gleymérei,ST,Haf,20.11.2018,
5442,gleymérei,ST,Haf,02.11.2022,
3580,gloría,ST,Sam,18.03.2005,
4680,glytta,ST,Sam,22.09.2017,
2348,gló,ST,Sam,,
4059,glóa,ST,Sam,24.06.2010,
2349,glóbjört,ST,Sam,,
2350,glódís,ST,Sam,,
2352,glóey,ST,Sam,,
520,glói,DR,Sam,,
2351,glóð,ST,Sam,,
521,glúmur,DR,Sam,,
3585,gnarr,MI,Sam,18.03.2005,
522,gneisti,DR,Sam,,
3588,gnurr,MI,Sam,15.04.2005,
2353,gná,ST,Sam,,
4674,gnádís,ST,Sam,21.08.2017,
523,gnúpur,DR,Sam,,
524,gnýr,DR,Sam,,
4608,gola,ST,Sam,05.08.2016,
6404,gonzales,ST,Haf,16.09.2024,https://www.stjornarradid.is/gogn/urskurdir-og-alit-/stakur-urskurdur/?newsid=a10a0b88-75c7-11ef-b888-005056bcde1f&cname=Mannanafnanefnd&cid=e219adf8-4214-11e7-941a-005056bc530c
6405,gonzales,MI,Haf,16.09.2024,https://www.stjornarradid.is/gogn/urskurdir-og-alit-/stakur-urskurdur/?newsid=a10a0b88-75c7-11ef-b888-005056bcde1f&cname=Mannanafnanefnd&cid=e219adf8-4214-11e7-941a-005056bc530c
5088,gosi,DR,Sam,26.05.2021,https://www.stjornarradid.is/gogn/urskurdir-og-alit-/stakur-urskurdur/?newsid=b5a26d4a-bf98-11eb-813a-005056bc8c60&cname=Mannanafnanefnd&cid=e219adf8-4214-11e7-941a-005056bc530c
5216,gottlieb,DR,Sam,17.11.2021,
527,gottskálk,DR,Sam,,
528,gottsveinn,DR,Sam,,
4489,goðdal,MI,Sam,23.03.2015,
525,goði,DR,Sam,,
526,goðmundur,DR,Sam,,
3548,grace,ST,Haf,22.09.2004,
529,grani,DR,Sam,,
530,grankell,DR,Sam,,
4682,gratíana,ST,Sam,22.09.2017,
531,gregor,DR,Sam,,
3811,grein,ST,Sam,15.05.2008,
532,greipur,DR,Sam,,
1567,grendal,MI,Sam,,
4304,greppur,DR,Sam,09.01.2013,
4149,gret,RST,Sam,28.10.2004,
1728,greta,RST,Sam,,
533,gretar,RDR,Sam,07.10.1999,
1795,grethe,ST,Haf,,
4353,grethe,ST,Sam,05.09.2013,
534,grettir,DR,Sam,,
4946,grey,DR,Haf,20.02.2020,
4105,grimmi,DR,Haf,21.01.2011,
4048,grindvík,MI,Sam,28.04.2010,
4879,grjótgarð,MI,Sam,07.08.2019,
5254,grjótgarður,DR,Sam,16.12.2021,
2356,grélöð,ST,Sam,,
3550,grét,ST,Sam,22.09.2004,
2357,gréta,ST,Sam,,
3953,grétar,DR,Sam,,
2358,gríma,ST,Sam,,
535,grímar,DR,Sam,,
2359,grímey,ST,Sam,,
2360,grímheiður,ST,Sam,,
2361,grímhildur,ST,Sam,,
536,grímkell,DR,Sam,,
537,grímlaugur,DR,Sam,,
3491,grímnir,DR,Sam,11.03.2004,
539,grímur,DR,Sam,,
538,grímólfur,DR,Sam,,
540,grímúlfur,DR,Sam,,
6985,gríndal,MI,Haf,24.03.2025,https://www.stjornarradid.is/gogn/urskurdir-og-alit-/stakur-urskurdur/?newsid=18d94ac9-0b01-11f0-b88f-005056bcde1f&cname=Mannanafnanefnd&cid=e219adf8-4214-11e7-941a-005056bc530c
5543,gró,ST,Sam,04.05.2023,https://www.stjornarradid.is/gogn/urskurdir-og-alit-/stakur-urskurdur/?newsid=2e4b8c38-ee57-11ed-9bb9-005056bc4727&cname=Mannanafnanefnd&cid=e219adf8-4214-11e7-941a-005056bc530c
2362,gróa,ST,Sam,,
5445,grótta,ST,Sam,02.11.2022,
3402,gudmund,MI,Haf,,
3846,guja,ST,Sam,06.09.2007,
3763,gull,ST,Haf,06.12.2006,
3764,gull,MI,Sam,06.12.2006,
5072,gulla,ST,Sam,24.02.2021,
2381,gullbrá,ST,Sam,,
4380,gulli,DR,Sam,10.2.2014,
2382,gullveig,ST,Sam,,
3982,gullý,ST,Sam,10.08.2009,
566,gumi,DR,Sam,,
3919,gumma,ST,Sam,23.12.2008,
5410,gunna,ST,Sam,10.08.2022,
567,gunnar,DR,Sam,,
4063,gunnarr,RDR,Sam,24.06.2010,
4064,gunnarr,DR,Sam,24.06.2010,
5143,gunnarson,DR,Haf,12.08.2021,https://www.stjornarradid.is/gogn/urskurdir-og-alit-/stakur-urskurdur/?newsid=a09cf5bb-01ab-11ec-813f-005056bc8c60&cname=Mannanafnanefnd&cid=e219adf8-4214-11e7-941a-005056bc530c
568,gunnberg,DR,Sam,,
2383,gunnbjörg,ST,Sam,,
569,gunnbjörn,DR,Sam,,
2384,gunnbjört,ST,Sam,,
2385,gunnborg,ST,Sam,,
2386,gunndís,ST,Sam,,
570,gunndór,DR,Sam,,
2387,gunndóra,ST,Sam,,
2388,gunnella,ST,Sam,,
2389,gunnfinna,ST,Sam,,
2390,gunnfríður,ST,Sam,,
571,gunngeir,DR,Sam,,
572,gunnhallur,DR,Sam,,
4218,gunnharða,ST,Sam,22.12.2011,
2391,gunnheiður,ST,Sam,,
2392,gunnhildur,ST,Sam,,
5218,gunni,DR,Sam,17.11.2021,
2393,gunnjóna,ST,Sam,,
2394,gunnlaug,ST,Sam,,
573,gunnlaugur,DR,Sam,,
2395,gunnleif,ST,Sam,,
574,gunnleifur,DR,Sam,,
2396,gunnlöð,ST,Sam,,
577,gunnröður,DR,Sam,,
2397,gunnrún,ST,Sam,,
578,gunnsteinn,DR,Sam,,
2398,gunnur,ST,Sam,,
579,gunnvaldur,DR,Sam,,
2399,gunnveig,ST,Sam,,
2400,gunnvör,ST,Sam,,
575,gunnólfur,DR,Sam,,
576,gunnóli,DR,Sam,,
2401,gunný,ST,Sam,,
580,gunnþór,DR,Sam,,
2402,gunnþóra,ST,Sam,,
2403,gunnþórunn,ST,Sam,,
1796,guri,ST,Haf,,
2404,gurrý,ST,Sam,,
581,gustav,DR,Sam,,
3474,gutti,DR,Sam,18.12.2003,
582,guttormur,DR,Sam,,
541,guðberg,DR,Sam,,
542,guðbergur,DR,Sam,,
543,guðbjarni,DR,Sam,,
544,guðbjartur,DR,Sam,,
2363,guðbjörg,ST,Sam,,
545,guðbjörn,DR,Sam,,
2364,guðbjört,ST,Sam,,
2365,guðborg,ST,Sam,,
546,guðbrandur,DR,Sam,,
2366,guðdís,ST,Sam,,
2367,guðfinna,ST,Sam,,
547,guðfinnur,DR,Sam,,
548,guðfreður,DR,Sam,,
2368,guðfríður,ST,Sam,,
549,guðgeir,DR,Sam,,
550,guðjón,DR,Sam,,
2369,guðjóna,ST,Sam,,
2370,guðlaug,ST,Sam,,
551,guðlaugur,DR,Sam,,
2371,guðleif,ST,Sam,,
552,guðleifur,DR,Sam,,
553,guðleikur,DR,Sam,,
2372,guðlín,ST,Sam,,
554,guðmann,DR,Sam,,
555,guðmar,DR,Sam,,
2373,guðmey,ST,Sam,,
556,guðmon,DR,Sam,,
2374,guðmunda,ST,Sam,,
7779,guðmundsen,MI,Haf,20.08.2025,https://www.stjornarradid.is/gogn/urskurdir-og-alit-/stakur-urskurdur/?newsid=d022d54c-dce1-11f0-b898-005056bcde1f&cname=Mannanafnanefnd&cid=e219adf8-4214-11e7-941a-005056bc530c
557,guðmundur,DR,Sam,,
2375,guðmundína,ST,Sam,,
4716,guðna,ST,Sam,01.12.2017,
558,guðni,DR,Sam,,
2376,guðný,ST,Sam,,
559,guðráður,DR,Sam,,
2377,guðríður,ST,Sam,,
560,guðröður,DR,Sam,,
2378,guðrún,ST,Sam,,
5102,guðrúnhalla,ST,Haf,06.07.2021,https://www.stjornarradid.is/gogn/urskurdir-og-alit-/stakur-urskurdur/?newsid=25fed57a-dfd8-11eb-813d-005056bc8c60&cname=Mannanafnanefnd&cid=e219adf8-4214-11e7-941a-005056bc530c
2379,guðsteina,ST,Sam,,
561,guðsteinn,DR,Sam,1991,
562,guðvarður,DR,Sam,,
2380,guðveig,ST,Sam,,
563,guðveigur,DR,Sam,,
564,guðvin,DR,Sam,,
565,guðþór,DR,Sam,,
584,gylfi,DR,Sam,,
585,gyrðir,DR,Sam,,
2407,gytta,ST,Sam,,
2405,gyða,ST,Sam,,
3511,gyðja,ST,Sam,28.05.2004,
2406,gyðríður,ST,Sam,,
4988,gáki,DR,Sam,17.08.2020,
4972,gára,ST,Sam,11.06.2020,
4095,gæfa,ST,Sam,02.12.2010,
2408,gæflaug,ST,Sam,,
3593,gía,ST,Sam,15.04.2005,
3733,gídeon,DR,Sam,06.03.2007,
18,gígja,DR,Haf,,
2341,gígja,ST,Sam,,
517,gígjar,DR,Sam,,
4529,gígur,DR,Sam,28.08.2015,
4556,gígí,ST,Sam,5.2.2016,
4270,gísela,ST,Sam,08.08.2012,
5413,gísella,ST,Sam,05.09.2022,
3751,gísla,ST,Sam,06.06.2007,
2342,gísley,ST,Sam,,
518,gísli,DR,Sam,,
2344,gíslný,ST,Sam,,
2345,gíslrún,ST,Sam,,
2346,gíslunn,ST,Sam,,
2343,gíslína,ST,Sam,,
4272,gíta,ST,Sam,08.08.2012,
2354,góa,ST,Sam,,
2355,gógó,ST,Sam,,
4058,gói,DR,Sam,24.06.2010,
4494,góði,DR,Sam,24.04.2015,
3847,gúa,ST,Sam,27.09.2007,
7060,gúníta,ST,Sam,08.05.2025,https://www.stjornarradid.is/gogn/urskurdir-og-alit-/stakur-urskurdur/?newsid=6673c11a-2fef-11f0-b891-005056bcde1f&cname=Mannanafnanefnd&cid=e219adf8-4214-11e7-941a-005056bc530c
5523,gúrí,ST,Sam,09.03.2023,https://www.stjornarradid.is/gogn/urskurdir-og-alit-/stakur-urskurdur/?newsid=3c9152b4-bf26-11ed-9bb7-005056bc4727&cname=Mannanafnanefnd&cid=e219adf8-4214-11e7-941a-005056bc530c
583,gústaf,DR,Sam,,
1652,gústav,RDR,Sam,,
586,gýgjar,DR,Sam,,
587,gýmir,DR,Sam,,
2409,hadda,ST,Sam,,
3740,haddi,DR,Sam,20.07.2007,
588,haddur,DR,Sam,,
2410,haddý,ST,Sam,,
4930,hafalda,ST,Sam,10.01.2020,
589,hafberg,DR,Sam,,
2411,hafbjörg,ST,Sam,,
2412,hafborg,ST,Sam,,
2413,hafdís,ST,Sam,,
2414,hafey,ST,Sam,,
1568,haffjörð,MI,Sam,,
5282,haffý,ST,Sam,13.01.2022,
6674,hafgnýr,DR,Sam,23.01.2025,https://www.stjornarradid.is/gogn/urskurdir-og-alit-/stakur-urskurdur/?newsid=f131b465-e39d-11ef-b88e-005056bcde1f&cname=Mannanafnanefnd&cid=e219adf8-4214-11e7-941a-005056bc530c
590,hafgrímur,DR,Sam,,
2415,hafliða,ST,Sam,,
591,hafliði,DR,Sam,,
2416,haflína,ST,Sam,,
592,hafnar,DR,Sam,,
1569,hafnes,MI,Sam,,
1570,hafnfjörð,MI,Sam,,
593,hafni,DR,Sam,,
2417,hafný,ST,Sam,,
2418,hafrós,ST,Sam,,
2419,hafrún,ST,Sam,,
5352,hafsjór,DR,Sam,25.04.2022,
2420,hafsteina,ST,Sam,,
594,hafsteinn,DR,Sam,,
6408,hafsól,ST,Sam,16.09.2024,https://www.stjornarradid.is/gogn/urskurdir-og-alit-/stakur-urskurdur/?newsid=3e3862ac-75c8-11ef-b888-005056bcde1f&cname=Mannanafnanefnd&cid=e219adf8-4214-11e7-941a-005056bc530c
4940,haftýr,DR,Sam,20.02.2020,
595,hafþór,DR,Sam,,
2421,hafþóra,ST,Sam,,
596,hagalín,DR,Sam,,
597,hagbarður,DR,Sam,,
598,hagbert,DR,Sam,,
5386,hagg,MI,Sam,20.06.2022,
599,haki,DR,Sam,,
5467,hakim,DR,Sam,05.01.2023,https://www.stjornarradid.is/gogn/urskurdir-og-alit-/stakur-urskurdur/?newsid=ca08fe62-9331-11ed-9bb4-005056bc4727&cname=Mannanafnanefnd&cid=e219adf8-4214-11e7-941a-005056bc530c
4798,hall,DR,Haf,16.10.2018,
2422,halla,ST,Sam,,
2423,hallbera,ST,Sam,,
600,hallberg,DR,Sam,,
2424,hallbjörg,ST,Sam,,
601,hallbjörn,DR,Sam,,
2425,hallborg,ST,Sam,,
2426,halldís,ST,Sam,,
602,halldór,DR,Sam,,
2427,halldóra,ST,Sam,,
2428,halley,ST,Sam,,
603,hallfreður,DR,Sam,,
2429,hallfríður,ST,Sam,,
604,hallgarður,DR,Sam,,
605,hallgeir,DR,Sam,,
2430,hallgerður,ST,Sam,,
606,hallgils,DR,Sam,,
607,hallgrímur,DR,Sam,,
2431,hallgunnur,ST,Sam,,
4948,halli,DR,Sam,20.02.2020,
2432,hallkatla,ST,Sam,,
608,hallkell,DR,Sam,,
609,hallmann,DR,Sam,,
610,hallmar,DR,Sam,,
611,hallmundur,DR,Sam,,
2433,hallný,ST,Sam,,
2434,hallrún,ST,Sam,,
612,hallsteinn,DR,Sam,,
613,hallur,DR,Sam,,
614,hallvarður,DR,Sam,,
2435,hallveig,ST,Sam,,
2436,hallvör,ST,Sam,,
615,hallþór,DR,Sam,,
616,hamar,DR,Sam,,
7312,hamína,ST,Sam,13.08.2025,https://www.stjornarradid.is/gogn/urskurdir-og-alit-/stakur-urskurdur/?newsid=23b33db9-79b9-11f0-b894-005056bcde1f&cname=Mannanafnanefnd&cid=e219adf8-4214-11e7-941a-005056bc530c
2437,hanna,ST,Sam,,
4184,hannadís,ST,Haf,21.9.2011,
6847,hannah,ST,Sam,20.02.2025,https://www.stjornarradid.is/gogn/urskurdir-og-alit-/stakur-urskurdur/?newsid=c7a4a90a-f05b-11ef-b88e-005056bcde1f&cname=Mannanafnanefnd&cid=e219adf8-4214-11e7-941a-005056bc530c
4937,hannalísa,ST,Haf,14.01.2020,
617,hannes,DR,Sam,,
4313,hanney,ST,Sam,07.02.2013,
618,hannibal,DR,Sam,,
5430,hanný,ST,Sam,07.10.2022,
619,hans,DR,Sam,,
2438,hansa,ST,Sam,,
2439,hansína,ST,Sam,,
3514,har,MI,Sam,28.05.2004,
620,harald,DR,Sam,,
621,haraldur,DR,Sam,,
5748,harley,ST,Sam,30.10.2023,https://www.stjornarradid.is/gogn/urskurdir-og-alit-/stakur-urskurdur/?newsid=cd211d7b-77ce-11ee-9bc1-005056bc4727&cname=Mannanafnanefnd&cid=e219adf8-4214-11e7-941a-005056bc530c
7782,harne,ST,Sam,18.12.2025,https://www.stjornarradid.is/gogn/urskurdir-og-alit-/stakur-urskurdur/?newsid=228ab9ab-dce3-11f0-b898-005056bcde1f&cname=Mannanafnanefnd&cid=e219adf8-4214-11e7-941a-005056bc530c
5086,haron,DR,Sam,26.05.2021,https://www.stjornarradid.is/gogn/urskurdir-og-alit-/stakur-urskurdur/?newsid=d1894c35-bf97-11eb-813a-005056bc8c60&cname=Mannanafnanefnd&cid=e219adf8-4214-11e7-941a-005056bc530c
2440,harpa,ST,Sam,,
622,harri,DR,Sam,,
4062,harriet,ST,Haf,24.06.2010,
1653,harry,RDR,Sam,,
623,harrý,DR,Sam,,
624,hartmann,DR,Sam,,
625,hartvig,DR,Sam,,
4441,haugeland,MI,Haf,3.10.2014,
4884,haukdal,MI,Haf,02.09.2019,
7063,haukrún,ST,Sam,08.05.2025,https://www.stjornarradid.is/gogn/urskurdir-og-alit-/stakur-urskurdur/?newsid=0175b578-2fee-11f0-b891-005056bcde1f&cname=Mannanafnanefnd&cid=e219adf8-4214-11e7-941a-005056bc530c
626,hauksteinn,DR,Sam,,
627,haukur,DR,Sam,,
628,haukvaldur,DR,Sam,,
2441,hauður,ST,Sam,,
3403,haydn,MI,Haf,,
2443,heba,ST,Sam,,
4508,hebba,ST,Sam,04.06.2015,
3717,hector,DR,Haf,14.09.2006,
4053,hector,DR,Haf,04.06.2010,
4634,hector,DR,Sam,18.11.2016,
2444,hedda,ST,Sam,,
3731,hedí,ST,Sam,02.02.2007,
4463,heida,ST,Sam,5.12.2014,
4892,heidi,ST,Sam,13.09.2019,
646,heikir,DR,Sam,,
647,heilmóður,DR,Sam,,
1571,heimdal,MI,Sam,,
648,heimir,DR,Sam,,
1572,heimsberg,MI,Sam,,
649,heinrekur,DR,Sam,,
4282,heisi,DR,Sam,13.09.2012,
2445,heiða,ST,Sam,,
639,heiðar,DR,Sam,,
20,heiðaringi,DR,Haf,,
1631,heiðarr,RDR,Sam,05.05.2006,
640,heiðberg,DR,Sam,,
3425,heiðbert,DR,Sam,,
4910,heiðbjartur,DR,Sam,06.11.2019,
2446,heiðbjörg,ST,Sam,,
2447,heiðbjörk,ST,Sam,,
2448,heiðbjört,ST,Sam,,
2449,heiðbrá,ST,Sam,,
2450,heiðdís,ST,Sam,,
2451,heiðlaug,ST,Sam,,
641,heiðlindur,DR,Sam,,
2452,heiðlóa,ST,Sam,,
642,heiðmann,DR,Sam,,
643,heiðmar,DR,Sam,,
3989,heiðmarr,DR,Haf,20.07.2009,
3990,heiðmarr,DR,Haf,,
8688,heiðmarr,DR,Haf,08.09.2026,
644,heiðmundur,DR,Sam,,
2453,heiðný,ST,Sam,,
5221,heiðr,DR,Haf,17.11.2021,
645,heiðrekur,DR,Sam,,
2454,heiðrós,ST,Sam,,
2455,heiðrún,ST,Sam,,
6443,heiðsteinn,DR,Sam,21.10.2024,https://www.stjornarradid.is/gogn/urskurdir-og-alit-/stakur-urskurdur/?newsid=913505df-9053-11ef-b889-005056bcde1f&cname=Mannanafnanefnd&cid=e219adf8-4214-11e7-941a-005056bc530c
2456,heiður,ST,Sam,,
4995,heiður,DR,Sam,17.08.2020,
2457,heiðveig,ST,Sam,,
2458,hekla,ST,Sam,,
650,hektor,DR,Sam,,
4640,hel,ST,Haf,06.01.2017,
5193,hel,ST,Haf,12.10.2021,
7057,hel,ST,Haf,08.05.2025,https://www.stjornarradid.is/gogn/urskurdir-og-alit-/stakur-urskurdur/?newsid=fe997404-2fea-11f0-b891-005056bcde1f&cname=Mannanafnanefnd&cid=e219adf8-4214-11e7-941a-005056bc530c
2459,helen,ST,Sam,,
2460,helena,ST,Sam,,
2461,helga,ST,Sam,,
5812,helgarut,ST,Haf,24.01.2024,https://www.stjornarradid.is/gogn/urskurdir-og-alit-/stakur-urskurdur/?newsid=6840fe04-bea8-11ee-b881-005056bcde1f&cname=Mannanafnanefnd&cid=e219adf8-4214-11e7-941a-005056bc530c
4775,helgey,ST,Sam,14.08.2018,
4226,helgfell,MI,Sam,1.2.2012,
651,helgi,DR,Sam,,
6952,heli,ST,Sam,24.03.2025,https://www.stjornarradid.is/gogn/urskurdir-og-alit-/stakur-urskurdur/?newsid=803aa170-0b01-11f0-b88f-005056bcde1f&cname=Mannanafnanefnd&cid=e219adf8-4214-11e7-941a-005056bc530c
2462,hella,ST,Sam,,
2463,helma,ST,Sam,,
3433,helmút,DR,Sam,,
4469,hemert,MI,Haf,19.1.2015,
652,hemmert,DR,Sam,,
653,hendrik,DR,Sam,,
3441,hendrikka,ST,Sam,,
5857,hendrix,DR,Sam,07.03.2024,https://www.stjornarradid.is/gogn/urskurdir-og-alit-/stakur-urskurdur/?newsid=7023973e-e1e6-11ee-b883-005056bcde1f&cname=Mannanafnanefnd&cid=e219adf8-4214-11e7-941a-005056bc530c
6306,hennie,ST,Haf,21.08.2024,https://www.stjornarradid.is/gogn/urskurdir-og-alit-/stakur-urskurdur/?newsid=3209c402-653f-11ef-b887-005056bcde1f&cname=Mannanafnanefnd&cid=e219adf8-4214-11e7-941a-005056bc530c
654,henning,DR,Sam,,
2464,henný,ST,Sam,,
1729,henrietta,RST,Sam,,
655,henrik,DR,Sam,,
4124,henrika,ST,Sam,Úrskurður 2.3.2011,
1654,henry,RDR,Sam,,
2465,henríetta,ST,Sam,,
656,henrý,DR,Sam,,
2466,hera,ST,Sam,,
1573,herberg,MI,Sam,,
657,herbert,DR,Sam,,
2467,herbjörg,ST,Sam,,
658,herbjörn,DR,Sam,,
2468,herbjört,ST,Sam,,
2469,herborg,ST,Sam,,
2470,herdís,ST,Sam,,
659,herfinnur,DR,Sam,,
2471,herfríður,ST,Sam,,
660,hergeir,DR,Sam,,
2472,hergerður,ST,Sam,,
661,hergill,DR,Sam,,
662,hergils,DR,Sam,,
663,herjólfur,DR,Sam,,
5953,herkúles,DR,Sam,16.04.2024,https://www.stjornarradid.is/gogn/urskurdir-og-alit-/stakur-urskurdur/?newsid=32aff8ad-fd5d-11ee-b883-005056bcde1f&cname=Mannanafnanefnd&cid=e219adf8-4214-11e7-941a-005056bc530c
2473,herlaug,ST,Sam,,
664,herlaugur,DR,Sam,,
665,herleifur,DR,Sam,,
666,herluf,DR,Sam,,
667,hermann,DR,Sam,,
669,hermundur,DR,Sam,,
2474,hermína,ST,Sam,,
668,hermóður,DR,Sam,,
8579,herner,DR,Sam,12.08.2026,
3691,hernes,MI,Sam,25.05.2006,
2475,hersilía,ST,Sam,,
670,hersir,DR,Sam,,
671,hersteinn,DR,Sam,,
672,hersveinn,DR,Sam,,
2476,herta,ST,Sam,,
2477,hertha,ST,Sam,,
673,hervar,DR,Sam,,
674,hervarður,DR,Sam,,
675,hervin,DR,Sam,,
2478,hervör,ST,Sam,,
5402,heró,ST,Sam,10.08.2022,
2479,herþrúður,ST,Sam,,
4343,heydal,MI,Sam,29.07.2013,
3404,heyden,MI,Haf,,
3594,hilaríus,DR,Sam,15.04.2005,
677,hilbert,DR,Sam,,
5399,hild,ST,Sam,10.08.2022,
2480,hilda,ST,Sam,,
678,hildar,DR,Sam,,
2481,hildegard,ST,Sam,,
1574,hildiberg,MI,Sam,,
679,hildibergur,DR,Sam,,
2482,hildibjörg,ST,Sam,,
680,hildibrandur,DR,Sam,,
681,hildigeir,DR,Sam,,
2483,hildigerður,ST,Sam,,
682,hildiglúmur,DR,Sam,,
2484,hildigunnur,ST,Sam,,
683,hildimar,DR,Sam,,
684,hildimundur,DR,Sam,,
685,hildingur,DR,Sam,,
686,hildir,DR,Sam,,
2485,hildiríður,ST,Sam,,
2486,hildisif,ST,Sam,,
687,hildiþór,DR,Sam,,
2487,hildur,ST,Sam,,
5303,hildís,ST,Sam,01.03.2022,
4951,hilja,ST,Sam,20.02.2020,
2488,hilma,ST,Sam,,
688,hilmar,DR,Sam,,
689,hilmir,DR,Sam,,
8689,himbrimi,DR,Sam,08.09.2026,
3496,himinbjörg,ST,Sam,06.04.2004,
4403,himinljómi,DR,Sam,28.10.2011,
3435,himri,DR,Sam,,
2489,hind,ST,Sam,,
690,hinrik,DR,Sam,,
2490,hinrika,ST,Sam,,
4020,hinrikka,ST,Sam,04.02.2010,
692,hjallkár,DR,Sam,,
4605,hjalmar,DR,Sam,24.06.2016,
2491,hjalta,ST,Sam,,
4426,hjaltalín,DR,Sam,30.7.2014,
1575,hjaltdal,MI,Sam,,
2492,hjaltey,ST,Sam,,
693,hjalti,DR,Sam,,
694,hjarnar,DR,Sam,,
4738,hjartar,MI,Haf,18.04.2018,
695,hjálmar,DR,Sam,,
2493,hjálmdís,ST,Sam,,
2494,hjálmey,ST,Sam,,
2495,hjálmfríður,ST,Sam,,
696,hjálmgeir,DR,Sam,,
2496,hjálmgerður,ST,Sam,,
2497,hjálmrós,ST,Sam,,
2498,hjálmrún,ST,Sam,,
697,hjálmtýr,DR,Sam,,
698,hjálmur,DR,Sam,,
2499,hjálmveig,ST,Sam,,
699,hjálmþór,DR,Sam,,
2500,hjördís,ST,Sam,,
2501,hjörfríður,ST,Sam,,
2502,hjörleif,ST,Sam,,
700,hjörleifur,DR,Sam,,
2503,hjörný,ST,Sam,,
3746,hjörtfríður,ST,Sam,20.07.2007,
701,hjörtur,DR,Sam,,
702,hjörtþór,DR,Sam,,
703,hjörvar,DR,Sam,,
2504,hlaðgerður,ST,Sam,,
704,hleiðar,DR,Sam,,
4505,hleiður,ST,Sam,04.06.2015,
707,hlini,DR,Sam,,
711,hljómur,DR,Sam,,
712,hlynur,DR,Sam,,
2505,hlédís,ST,Sam,,
705,hlégestur,DR,Sam,,
706,hlér,DR,Sam,,
2506,hlíf,ST,Sam,,
710,hlífar,DR,Sam,,
2507,hlín,ST,Sam,,
708,hlíðar,DR,Sam,,
4922,hlíðbekk,MI,Sam,11.12.2019,
709,hlíðberg,DR,Sam,,
1576,hlíðkvist,MI,Sam,,
2508,hlökk,ST,Sam,,
713,hlöðmundur,DR,Sam,,
714,hlöður,DR,Sam,,
715,hlöðvarður,DR,Sam,,
716,hlöðver,DR,Sam,,
5368,hlýja,ST,Sam,24.05.2022,
1577,hnappdal,MI,Sam,,
717,hnefill,DR,Sam,,
718,hnikar,DR,Sam,,
21,hnikarr,DR,Sam,04.03.2006,
4100,hnífsdal,MI,Sam,22.12.2010,
4617,hofdís,ST,Sam,16.09.2016,
1578,hofland,MI,Sam,18.03.2005,
1579,hofteig,MI,Sam,,
719,holgeir,DR,Sam,,
4300,holger,DR,Sam,09.01.2013,
720,holti,DR,Sam,,
4199,hornfjörð,MI,Sam,28.10.2011,
731,hrafn,DR,Sam,,
3848,hrafna,ST,Sam,08.11.2007,
6640,hrafnadís,ST,Haf,09.01.2025,https://www.stjornarradid.is/gogn/urskurdir-og-alit-/stakur-urskurdur/?newsid=d10d98ac-d3f4-11ef-b88d-005056bcde1f&cname=Mannanafnanefnd&cid=e219adf8-4214-11e7-941a-005056bc530c
1581,hrafnan,MI,Sam,,
732,hrafnar,DR,Sam,,
733,hrafnbergur,DR,Sam,,
7465,hrafnbjört,ST,Sam,18.09.2025,https://www.stjornarradid.is/gogn/urskurdir-og-alit-/stakur-urskurdur/?newsid=e038357d-9795-11f0-b895-005056bcde1f&cname=Mannanafnanefnd&cid=e219adf8-4214-11e7-941a-005056bc530c
2512,hrafnborg,ST,Sam,,
1582,hrafndal,MI,Sam,,
2513,hrafndís,ST,Sam,,
5681,hrafnea,ST,Sam,25.08.2023,https://www.stjornarradid.is/gogn/urskurdir-og-alit-/stakur-urskurdur/?newsid=c4c3f77c-4719-11ee-9bbe-005056bc4727&cname=Mannanafnanefnd&cid=e219adf8-4214-11e7-941a-005056bc530c
2514,hrafney,ST,Sam,,
4462,hrafnfjörð,MI,Sam,5.12.2014,
4428,hrafnfífa,ST,Sam,30.7.2014,
2515,hrafngerður,ST,Sam,,
2516,hrafnheiður,ST,Sam,,
4858,hrafnhetta,ST,Sam,22.05.2019,
2517,hrafnhildur,ST,Sam,,
2518,hrafnkatla,ST,Sam,,
734,hrafnkell,DR,Sam,,
2519,hrafnlaug,ST,Sam,,
6747,hrafnrós,ST,Sam,07.02.2025,https://www.stjornarradid.is/gogn/urskurdir-og-alit-/stakur-urskurdur/?newsid=3e8dad20-f05b-11ef-b88e-005056bcde1f&cname=Mannanafnanefnd&cid=e219adf8-4214-11e7-941a-005056bc530c
5075,hrafnrún,ST,Sam,24.02.2021,
4933,hrafnsunna,ST,Sam,14.01.2020,
2520,hrafntinna,ST,Sam,,
3753,hrafntýr,DR,Sam,06.06.2007,
4705,hrafnynja,ST,Sam,24.11.2017,
4757,hrafnþór,DR,Sam,26.06.2018,
735,hrannar,DR,Sam,,
736,hrappur,DR,Sam,,
737,hraunar,DR,Sam,,
1583,hraunberg,MI,Sam,,
2521,hraundís,ST,Sam,,
2522,hrefna,ST,Sam,,
738,hreggviður,DR,Sam,,
741,hreimur,DR,Sam,,
4084,hreinberg,MI,Sam,08.09.2010,
1584,hreindal,MI,Sam,,
2523,hreindís,ST,Sam,,
742,hreinn,DR,Sam,,
4341,hreinsdóttir,ST,Haf,26.08.2013,
739,hreiðar,DR,Sam,,
740,hreiðmar,DR,Sam,,
743,hringur,DR,Sam,,
744,hrollaugur,DR,Sam,,
745,hrolleifur,DR,Sam,,
6178,hronn,ST,Haf,02.07.2024,https://www.stjornarradid.is/gogn/urskurdir-og-alit-/stakur-urskurdur/?newsid=f0d7776a-3abf-11ef-b886-005056bcde1f&cname=Mannanafnanefnd&cid=e219adf8-4214-11e7-941a-005056bc530c
6042,hroði,DR,Haf,15.05.2024,https://www.stjornarradid.is/gogn/urskurdir-og-alit-/stakur-urskurdur/?newsid=4b5d5194-1377-11ef-b884-005056bcde1f&cname=Mannanafnanefnd&cid=e219adf8-4214-11e7-941a-005056bc530c
2526,hrund,ST,Sam,,
7825,hrymur,DR,Sam,20.01.2026,
757,hrærekur,DR,Sam,,
7279,hrím,ST,Sam,03.07.2025,
5448,hrímir,DR,Sam,30.11.2022,https://www.stjornarradid.is/gogn/urskurdir-og-alit-/stakur-urskurdur/?newsid=c9d93fcb-7af7-11ed-9bb3-005056bc4727&cname=Mannanafnanefnd&cid=e219adf8-4214-11e7-941a-005056bc530c
3577,hrímnir,DR,Sam,04.03.2005,
746,hróaldur,DR,Sam,,
747,hróar,DR,Sam,,
748,hróbjartur,DR,Sam,,
753,hrói,DR,Sam,,
2525,hrólfdís,ST,Sam,,
754,hrólfur,DR,Sam,,
755,hrómundur,DR,Sam,,
749,hróðgeir,DR,Sam,,
750,hróðmar,DR,Sam,,
2524,hróðný,ST,Sam,,
752,hróðvar,DR,Sam,,
751,hróðólfur,DR,Sam,,
5318,hröfn,ST,Sam,22.03.2022,
2527,hrönn,ST,Sam,,
4088,hrútfjörð,MI,Sam,10.11.2010,
756,hrútur,DR,Sam,,
758,hugberg,DR,Sam,,
2528,hugbjörg,ST,Sam,,
3682,hugbjört,ST,Sam,05.05.2006,
2529,hugborg,ST,Sam,,
2530,hugdís,ST,Sam,,
759,hugi,DR,Sam,,
760,huginn,DR,Sam,,
761,hugleikur,DR,Sam,,
2531,hugljúf,ST,Sam,,
762,hugo,DR,Sam,,
8538,hugríkur,DR,Sam,30.07.2026,
5538,hugrós,ST,Sam,30.03.2023,https://www.stjornarradid.is/gogn/urskurdir-og-alit-/stakur-urskurdur/?newsid=d1d035b1-cfcd-11ed-9bb8-005056bc4727&cname=Mannanafnanefnd&cid=e219adf8-4214-11e7-941a-005056bc530c
2532,hugrún,ST,Sam,,
4318,hugó,DR,Sam,22.03.2013,
2533,huld,ST,Sam,,
2534,hulda,ST,Sam,,
763,huldar,DR,Sam,,
2536,huldrún,ST,Sam,,
2535,huldís,ST,Sam,,
5203,hunter,DR,Sam,12.10.2021,
4448,huxland,MI,Haf,3.10.2014,
4465,huxland,DR,Haf,22.12.2014,
4142,huxley,DR,Sam,18.5.2011,
1585,hvammdal,MI,Sam,,
3732,hvannar,DR,Sam,02.02.2007,
1586,hvítfeld,MI,Sam,,
2540,hvönn,ST,Sam,,
770,hyltir,DR,Sam,,
4292,hylur,DR,Sam,20.11.2012,
4603,hymir,DR,Sam,13.06.2016,
5462,hyrrokkin,ST,Sam,05.01.2023,https://www.stjornarradid.is/gogn/urskurdir-og-alit-/stakur-urskurdur/?newsid=b2b2d2e1-934c-11ed-9bb4-005056bc4727&cname=Mannanafnanefnd&cid=e219adf8-4214-11e7-941a-005056bc530c
629,hákon,DR,Sam,,
2442,hákonía,ST,Sam,,
630,háleygur,DR,Sam,,
631,hálfdan,DR,Sam,,
632,hálfdán,DR,Sam,,
633,hámundur,DR,Sam,,
634,hárekur,DR,Sam,,
635,hárlaugur,DR,Sam,,
4966,háski,DR,Sam,19.05.2020,
636,hásteinn,DR,Sam,,
637,hávar,DR,Sam,,
19,hávarr,DR,Haf,09.07.2007,
3970,hávarr,DR,Haf,14.01.2010,
3991,hávarr,DR,Haf,20.07.2009,
3992,hávarr,DR,Haf,,
4242,hávarr,DR,Sam,24.06.2010,
4243,hávarr,RDR,Sam,24.06.2010,
638,hávarður,DR,Sam,,
4755,hædý,ST,Sam,26.06.2018,
771,hængur,DR,Sam,,
772,hænir,DR,Sam,,
676,héðinn,DR,Sam,,
691,híram,DR,Sam,,
8061,híramía,ST,Sam,16.03.2026,https://www.stjornarradid.is/gogn/urskurdir-og-alit-/$LisasticSearch/Search/?SortByDate=True&SearchQuery=&Ministries=&Committee=Mannanafnanefnd&Year=
6538,hó,DR,Haf,13.12.2024,https://www.stjornarradid.is/gogn/urskurdir-og-alit-/stakur-urskurdur/?newsid=a9aa5272-cc2d-11ef-b88c-005056bcde1f&cname=Mannanafnanefnd&cid=e219adf8-4214-11e7-941a-005056bc530c
7235,hó,MI,Haf,24.06.2025,https://www.stjornarradid.is/gogn/urskurdir-og-alit-/stakur-urskurdur/?newsid=5e3b7d55-534d-11f0-b892-005056bcde1f&cname=Mannanafnanefnd&cid=e219adf8-4214-11e7-941a-005056bc530c
5549,hóffý,ST,Sam,05.05.2023,https://www.stjornarradid.is/gogn/urskurdir-og-alit-/stakur-urskurdur/?newsid=40faea50-ee58-11ed-9bb9-005056bc4727&cname=Mannanafnanefnd&cid=e219adf8-4214-11e7-941a-005056bc530c
5449,hófí,ST,Sam,30.11.2022,https://www.stjornarradid.is/gogn/urskurdir-og-alit-/stakur-urskurdur/?newsid=8f99b1db-7af7-11ed-9bb3-005056bc4727&cname=Mannanafnanefnd&cid=e219adf8-4214-11e7-941a-005056bc530c
721,hólm,DR,Sam,,
4533,hólm,MI,Haf,30.09.2015,
722,hólmar,DR,Sam,,
8687,hólmarr,DR,Haf,08.09.2026,
1580,hólmberg,MI,Sam,,
723,hólmbert,DR,Sam,,
2509,hólmbjörg,ST,Sam,,
2510,hólmdís,ST,Sam,,
724,hólmfastur,DR,Sam,,
2511,hólmfríður,ST,Sam,,
725,hólmgeir,DR,Sam,,
726,hólmgrímur,DR,Sam,,
727,hólmkell,DR,Sam,,
728,hólmsteinn,DR,Sam,,
729,hólmþór,DR,Sam,,
730,hóseas,DR,Sam,,
2541,hödd,ST,Sam,,
1587,höfðdal,MI,Sam,,
2542,högna,ST,Sam,,
774,högni,DR,Sam,,
4714,hörgdal,MI,Sam,22.12.2017,
2543,hörn,ST,Sam,,
3854,hörðdal,MI,Sam,22.12.2007,
775,hörður,DR,Sam,,
776,höskuldur,DR,Sam,,
773,höður,DR,Sam,,
764,húbert,DR,Sam,,
1655,húgó,RDR,Sam,,
765,húmi,DR,Sam,,
4530,húna,ST,Sam,28.08.2015,
2537,húnbjörg,ST,Sam,,
766,húnbogi,DR,Sam,,
2538,húndís,ST,Sam,,
2539,húngerður,ST,Sam,,
767,húni,DR,Sam,,
768,húnn,DR,Sam,,
769,húnröður,DR,Sam,,
8546,húrinn,DR,Sam,30.07.2026,
22,ian,DR,Haf,,
7673,ian,DR,Sam,19.11.2025,https://www.stjornarradid.is/gogn/urskurdir-og-alit-/stakur-urskurdur/?newsid=8626a870-cc40-11f0-b897-005056bcde1f&cname=Mannanafnanefnd&cid=e219adf8-4214-11e7-941a-005056bc530c
1730,ida,RST,Sam,,
3783,idda,ST,Sam,23.01.2008,
777,illugi,DR,Sam,,
6948,illuminati,DR,Haf,24.03.2025,https://www.stjornarradid.is/gogn/urskurdir-og-alit-/stakur-urskurdur/?newsid=4f5c4994-0b01-11f0-b88f-005056bcde1f&cname=Mannanafnanefnd&cid=e219adf8-4214-11e7-941a-005056bc530c
4889,illíes,DR,Sam,02.09.2019,
2546,ilmur,ST,Sam,,
4513,ilse,ST,Sam,09.07.2015,
4401,ilías,DR,Sam,13.03.2014,
4904,ilíes,DR,Sam,06.11.2019,
6406,imba,ST,Sam,16.09.2024,https://www.stjornarradid.is/gogn/urskurdir-og-alit-/stakur-urskurdur/?newsid=985b8731-75c8-11ef-b888-005056bcde1f&cname=Mannanafnanefnd&cid=e219adf8-4214-11e7-941a-005056bc530c
5110,imma,ST,Sam,25.03.2021,https://www.stjornarradid.is/gogn/urskurdir-og-alit-/stakur-urskurdur/?newsid=bb18a8bf-9b8d-11eb-8134-005056bc8c60&cname=Mannanafnanefnd&cid=e219adf8-4214-11e7-941a-005056bc530c
3424,immanúel,DR,Sam,,
3993,immý,ST,Sam,08.07.2009,
2547,ina,ST,Sam,,
2548,inda,ST,Sam,,
1731,india,RST,Sam,,
1732,indiana,RST,Sam,,
5612,indika,ST,Sam,17.07.2023,https://www.stjornarradid.is/gogn/urskurdir-og-alit-/stakur-urskurdur/?newsid=20f532e1-2af4-11ee-9bbc-005056bc4727&cname=Mannanafnanefnd&cid=e219adf8-4214-11e7-941a-005056bc530c
2552,indra,ST,Sam,,
4704,indra,DR,Haf,24.11.2017,
778,indriði,DR,Sam,,
4510,indí,ST,Sam,04.06.2015,
2549,indía,ST,Sam,,
2550,indíana,ST,Sam,,
2551,indíra,ST,Sam,,
2553,inga,ST,Sam,,
1797,inga-lill,ST,Haf,,
4854,ingadóra,ST,Haf,22.05.2019,
5081,ingaló,ST,Sam,24.02.2021,
7322,inganna,ST,Sam,13.08.2025,https://www.stjornarradid.is/gogn/urskurdir-og-alit-/stakur-urskurdur/?newsid=d4ed9c80-79b7-11f0-b894-005056bcde1f&cname=Mannanafnanefnd&cid=e219adf8-4214-11e7-941a-005056bc530c
779,ingberg,DR,Sam,,
2554,ingdís,ST,Sam,,
2555,ingeborg,ST,Sam,,
2556,inger,ST,Sam,,
2557,ingey,ST,Sam,,
2558,ingheiður,ST,Sam,,
3555,inghildur,ST,Sam,16.11.2004,
780,ingi,DR,Sam,,
781,ingiberg,DR,Sam,,
782,ingibergur,DR,Sam,,
783,ingibert,DR,Sam,,
784,ingibjartur,DR,Sam,,
2559,ingibjörg,ST,Sam,,
785,ingibjörn,DR,Sam,,
2560,ingibjört,ST,Sam,,
2561,ingiborg,ST,Sam,,
2562,ingifinna,ST,Sam,,
2563,ingifríður,ST,Sam,,
2564,ingigerður,ST,Sam,,
2565,ingilaug,ST,Sam,,
2566,ingileif,ST,Sam,,
786,ingileifur,DR,Sam,,
2567,ingilín,ST,Sam,,
787,ingimagn,DR,Sam,,
788,ingimar,DR,Sam,,
2568,ingimaría,ST,Sam,,
2569,ingimunda,ST,Sam,,
789,ingimundur,DR,Sam,,
2570,ingiríður,ST,Sam,,
2571,ingirós,ST,Sam,,
6882,ingirún,ST,Sam,20.02.2025,https://www.stjornarradid.is/gogn/urskurdir-og-alit-/stakur-urskurdur/?newsid=654a35c1-f05d-11ef-b88e-005056bcde1f&cname=Mannanafnanefnd&cid=e219adf8-4214-11e7-941a-005056bc530c
2572,ingisól,ST,Sam,,
790,ingivaldur,DR,Sam,,
2573,ingiveig,ST,Sam,,
791,ingiþór,DR,Sam,,
792,ingjaldur,DR,Sam,,
793,ingmar,DR,Sam,,
2574,ingrid,ST,Sam,,
2575,ingrún,ST,Sam,,
2576,ingunn,ST,Sam,,
795,ingvaldur,DR,Sam,,
796,ingvar,DR,Sam,,
2577,ingveldur,ST,Sam,,
797,ingvi,DR,Sam,,
794,ingólfur,DR,Sam,,
798,ingþór,DR,Sam,,
2578,inna,ST,Sam,,
8649,inuk,DR,Sam,31.08.2026,
1798,iren,ST,Haf,,
2579,irena,ST,Sam,,
2580,irene,ST,Sam,,
1692,iris,RST,Haf,,
5404,irisar,MI,Haf,10.08.2022,
2581,irja,ST,Sam,,
2582,irma,ST,Sam,,
4335,irmelín,ST,Sam,16.08.2013,
2583,irmý,ST,Sam,,
2584,irpa,ST,Sam,,
3914,isabel,RST,Sam,17.12.2008,
1693,isabella,RST,Haf,,
3522,isabella,RST,Sam,13.11.2009,
4977,isadora,ST,Sam,22.06.2020,
5312,isak,DR,Sam,22.03.2022,
5536,isidora,ST,Sam,30.03.2023,https://www.stjornarradid.is/gogn/urskurdir-og-alit-/stakur-urskurdur/?newsid=2814f845-cfcd-11ed-9bb8-005056bc4727&cname=Mannanafnanefnd&cid=e219adf8-4214-11e7-941a-005056bc530c
3826,ismael,DR,Haf,22.08.2008,
4099,ismael,RDR,Sam,22.12.2010,
3462,ismaíl,DR,Haf,18.12.2003,
5277,issa,DR,Sam,13.01.2022,
4281,issi,DR,Sam,13.09.2012,
5310,ivan,DR,Sam,01.03.2022,
4931,ivar,RDR,Sam,14.01.2020,
5012,ivy,ST,Haf,21.09.2020,
7535,ivy,ST,Sam,07.10.2025,https://www.stjornarradid.is/gogn/urskurdir-og-alit-/stakur-urskurdur/?newsid=b8792384-a5e7-11f0-b896-005056bcde1f&cname=Mannanafnanefnd&cid=e219adf8-4214-11e7-941a-005056bc530c
5038,ivý,ST,Sam,19.10.2020,
2544,iða,ST,Sam,,
8059,iðja,ST,Sam,16.03.2026,https://www.stjornarradid.is/gogn/urskurdir-og-alit-/stakur-urskurdur/?newsid=25b4c13f-2855-11f1-b89c-005056bcde1f&cname=Mannanafnanefnd&cid=e219adf8-4214-11e7-941a-005056bc530c
2545,iðunn,ST,Sam,,
3599,jack,DR,Sam,03.05.2005,
8439,jad,DR,Sam,29.05.2026,
810,jafet,DR,Sam,,
4393,jagger,DR,Sam,13.03.2014,
5458,jakey,ST,Sam,10.12.2022,https://www.stjornarradid.is/gogn/urskurdir-og-alit-/stakur-urskurdur/?newsid=e7577584-7afa-11ed-9bb3-005056bc4727&cname=Mannanafnanefnd&cid=e219adf8-4214-11e7-941a-005056bc530c
811,jaki,DR,Sam,,
812,jakob,DR,Sam,,
2612,jakobína,ST,Sam,,
1656,jakop,RDR,Sam,,
5016,james,DR,Sam,21.09.2020,
3738,jamie,DR,Haf,20.07.2007,
4185,jamil,DR,Sam,21.9.2011,
813,jan,DR,Sam,,
2613,jana,ST,Sam,,
4134,jane,ST,Sam,27.4.2011,
3610,janetta,ST,Sam,30.05.2005,
5107,janey,ST,Sam,25.03.2021,https://www.stjornarradid.is/gogn/urskurdir-og-alit-/stakur-urskurdur/?newsid=9162818b-9b81-11eb-8134-005056bc8c60&cname=Mannanafnanefnd&cid=e219adf8-4214-11e7-941a-005056bc530c
3972,jannika,ST,Sam,21.01.2010,
814,janus,DR,Sam,,
7536,jaokhun,DR,Haf,07.10.2025,https://www.stjornarradid.is/gogn/urskurdir-og-alit-/stakur-urskurdur/?newsid=ab10a66c-a5e6-11f0-b896-005056bcde1f&cname=Mannanafnanefnd&cid=e219adf8-4214-11e7-941a-005056bc530c
2614,jara,ST,Sam,,
4392,jarfi,DR,Sam,13.03.2014,
815,jarl,DR,Sam,,
4532,jarla,ST,Sam,28.08.2015,
4899,jarpi,DR,Sam,03.10.2019,
3741,jarún,ST,Sam,20.07.2007,
2615,jarþrúður,ST,Sam,,
5174,jasmin,ST,Sam,09.09.2021,
5230,jasmine,ST,Sam,23.11.2021,
2616,jasmín,ST,Sam,,
816,jason,DR,Sam,,
4897,jasper,DR,Sam,03.10.2019,
4813,javi,DR,Haf,28.01.2019,
4814,javí,DR,Sam,28.01.2019,
4069,jean,DR,Haf,13.07.2010,
4263,jean,ST,Haf,21.06.2012,
8542,jean,DR,Sam,30.07.2026,
1799,jeanne,ST,Haf,,
3725,jeanne,ST,Haf,02.02.2007,
3726,jeanne,MI,Haf,02.02.2007,
4944,jeanne,ST,Sam,20.02.2020,
3679,jenetta,ST,Sam,29.03.2006,
2619,jenna,ST,Sam,,
820,jenni,DR,Sam,,
1800,jennifer,ST,Haf,,
4413,jenny,ST,Sam,21.05.2014,
2620,jenný,ST,Sam,,
821,jens,DR,Sam,,
2621,jensína,ST,Sam,,
822,jeremías,DR,Sam,,
4276,jerry,DR,Haf,08.08.2012,
823,jes,DR,Sam,,
824,jesper,DR,Sam,,
1694,jessy,RST,Haf,,
2622,jessý,ST,Sam,,
5586,jim,DR,Sam,07.06.2023,https://www.stjornarradid.is/gogn/urskurdir-og-alit-/stakur-urskurdur/?newsid=e0c38a4a-14e7-11ee-9bbb-005056bc4727&cname=Mannanafnanefnd&cid=e219adf8-4214-11e7-941a-005056bc530c
7891,jimmi,DR,Sam,26.01.2026,https://www.stjornarradid.is/gogn/urskurdir-og-alit-/stakur-urskurdur/?newsid=88b6c729-2850-11f1-b89c-005056bcde1f&cname=Mannanafnanefnd&cid=e219adf8-4214-11e7-941a-005056bc530c
4475,joakim,DR,Haf,21.01.2015,
3601,joana,ST,Haf,03.05.2005,
825,jochum,DR,Sam,,
826,johan,DR,Sam,,
827,john,DR,Sam,,
3791,johnny,DR,Haf,13.02.2008,
5979,jones,DR,Sam,24.04.2024,https://www.stjornarradid.is/gogn/urskurdir-og-alit-/stakur-urskurdur/?newsid=d8deb7e6-03da-11ef-b883-005056bcde1f&cname=Mannanafnanefnd&cid=e219adf8-4214-11e7-941a-005056bc530c
5370,jonna,ST,Sam,24.05.2022,
4660,jonni,DR,Sam,18.04.2017,
4681,jonný,ST,Sam,22.09.2017,
6304,josef,DR,Haf,23.08.2024,https://www.stjornarradid.is/gogn/urskurdir-og-alit-/stakur-urskurdur/?newsid=7de8a317-653f-11ef-b887-005056bcde1f&cname=Mannanafnanefnd&cid=e219adf8-4214-11e7-941a-005056bc530c
4992,josefina,RST,Sam,17.08.2020,
3821,josefine,ST,Haf,28.07.2008,
5097,joseph,DR,Sam,01.07.2021,https://www.stjornarradid.is/gogn/urskurdir-og-alit-/stakur-urskurdur/?newsid=d27887fb-db34-11eb-813d-005056bc8c60&cname=Mannanafnanefnd&cid=e219adf8-4214-11e7-941a-005056bc530c
7321,josephine,ST,Sam,13.08.2025,https://www.stjornarradid.is/gogn/urskurdir-og-alit-/stakur-urskurdur/?newsid=da111e01-79b6-11f0-b894-005056bcde1f&cname=Mannanafnanefnd&cid=e219adf8-4214-11e7-941a-005056bc530c
3628,joshua,DR,Sam,10.08.2005,
4991,josé,DR,Sam,17.8.2020,
3671,jovina,ST,Haf,04.03.2006-25.05.2006,
4172,jovina,ST,Sam,12.8.2011,
4398,joð,MI,Sam,13.03.2014,
1733,judith,RST,Sam,,
4239,julia,ST,Haf,02.04.2012,
4673,julia,ST,Sam,21.08.2017,
3466,julian,DR,Sam,31.08.2006,
2617,járnbrá,ST,Sam,,
2618,járngerður,ST,Sam,,
4311,járngrímur,DR,Sam,07.02.2013,
24,járnsíða,DR,Haf,,
3405,járnsíða,MI,Haf,,
817,játgeir,DR,Sam,,
818,játmundur,DR,Sam,,
819,játvarður,DR,Sam,,
2623,jóa,ST,Sam,,
828,jóakim,DR,Sam,,
829,jóann,DR,Sam,,
3602,jóanna,ST,Sam,03.05.2005,
5357,jóda,ST,Sam,25.04.2022,
2624,jódís,ST,Sam,,
830,jóel,DR,Sam,,
5473,jóey,ST,Sam,06.01.2023,
2625,jófríður,ST,Sam,,
5483,jóga,ST,Sam,09.02.2023,https://www.stjornarradid.is/gogn/urskurdir-og-alit-/stakur-urskurdur/?newsid=5da68bbf-ab8e-11ed-9bb5-f992086adea7&cname=Mannanafnanefnd&cid=e219adf8-4214-11e7-941a-005056bc530c
25,jóhan,DR,Haf,,
831,jóhann,DR,Sam,,
2626,jóhanna,ST,Sam,,
4584,jóhanndína,ST,Sam,06.05.2016,
832,jóhannes,DR,Sam,,
833,jói,DR,Sam,,
3873,jólín,ST,Sam,23.01.2009,
834,jómar,DR,Sam,,
835,jómundur,DR,Sam,,
836,jón,DR,Sam,,
2627,jóna,ST,Sam,,
2628,jónanna,ST,Sam,,
3492,jónar,DR,Sam,11.03.2004,
837,jónas,DR,Sam,,
2629,jónasína,ST,Sam,,
838,jónatan,DR,Sam,,
4658,jónbjarni,DR,Sam,18.04.2017,
2630,jónbjörg,ST,Sam,,
839,jónbjörn,DR,Sam,,
2631,jónbjört,ST,Sam,,
5369,jónborg,ST,Sam,24.05.2022,
2632,jóndís,ST,Sam,,
840,jóndór,DR,Sam,,
2633,jóndóra,ST,Sam,,
2634,jóney,ST,Sam,,
2635,jónfríður,ST,Sam,,
841,jóngeir,DR,Sam,,
2636,jóngerð,ST,Sam,,
4050,jónheiðar,DR,Haf,27.05.2010,
2637,jónheiður,ST,Sam,,
2638,jónhildur,ST,Sam,,
2639,jóninna,ST,Sam,,
842,jónmundur,DR,Sam,,
2642,jónný,ST,Sam,,
3616,jónorri,DR,Haf,27.06.2005,
4696,jónsi,DR,Sam,27.10.2017,
843,jónsteinn,DR,Sam,,
5815,jóní,ST,Sam,24.01.2024,https://www.stjornarradid.is/gogn/urskurdir-og-alit-/stakur-urskurdur/?newsid=0195bdeb-bea8-11ee-b881-005056bcde1f&cname=Mannanafnanefnd&cid=e219adf8-4214-11e7-941a-005056bc530c
5544,jónía,ST,Sam,04.05.2023,https://www.stjornarradid.is/gogn/urskurdir-og-alit-/stakur-urskurdur/?newsid=ccc05828-ee57-11ed-9bb9-005056bc4727&cname=Mannanafnanefnd&cid=e219adf8-4214-11e7-941a-005056bc530c
2640,jónída,ST,Sam,,
2641,jónína,ST,Sam,,
2643,jóný,ST,Sam,,
844,jónþór,DR,Sam,,
2644,jóra,ST,Sam,,
2646,jórlaug,ST,Sam,,
2647,jórunn,ST,Sam,,
5945,jórvík,MI,Sam,16.04.2024,https://www.stjornarradid.is/gogn/urskurdir-og-alit-/stakur-urskurdur/?newsid=3d535d49-fd5e-11ee-b883-005056bcde1f&cname=Mannanafnanefnd&cid=e219adf8-4214-11e7-941a-005056bc530c
2645,jóríður,ST,Sam,,
845,jósafat,DR,Sam,,
846,jósavin,DR,Sam,,
4202,jósebína,ST,Sam,8.12.2011,
847,jósef,DR,Sam,,
3822,jósefín,RST,Sam,28.07.2008,
2648,jósefína,ST,Sam,,
848,jósep,DR,Sam,,
1632,jóshua,RDR,Haf,,
5395,jósi,DR,Sam,20.06.2022,
8236,jósmundur,DR,Sam,29.04.2026,
849,jósteinn,DR,Sam,,
850,jósúa,DR,Sam,,
851,jóvin,DR,Sam,,
3554,jóvin,ST,Haf,16.11.2004,
2655,jökla,ST,Sam,,
5271,jöklar,DR,Sam,13.01.2022,
5361,jökli,DR,Sam,24.05.2022,
857,jökull,DR,Sam,,
2656,jökulrós,ST,Sam,,
3430,jörfi,DR,Sam,,
858,jörgen,DR,Sam,,
2657,jörgína,ST,Sam,,
859,jörmundur,DR,Sam,,
4051,jörri,DR,Sam,27.05.2010,
860,jörundur,DR,Sam,,
7674,jörvaldi,DR,Sam,19.11.2025,https://www.stjornarradid.is/gogn/urskurdir-og-alit-/stakur-urskurdur/?newsid=5c80d95b-cc41-11f0-b897-005056bcde1f&cname=Mannanafnanefnd&cid=e219adf8-4214-11e7-941a-005056bc530c
861,jörvar,DR,Sam,,
862,jörvi,DR,Sam,,
4582,jötunn,DR,Sam,06.05.2016,
3973,júdea,ST,Sam,21.01.2010,
2649,júdit,ST,Sam,,
3665,júdith,RST,Haf,26.01.2006,
3888,júl,MI,Sam,27.02.2009,
852,júlí,DR,Sam,,
4768,júlí,ST,Sam,14.08.2018,
2650,júlía,ST,Sam,,
853,júlían,DR,Sam,,
2651,júlíana,ST,Sam,,
2652,júlíanna,ST,Sam,,
3743,júlíetta,ST,Sam,20.07.2007,
4531,júlíhuld,ST,Sam,28.08.2015,
4478,júlína,ST,Sam,20.2.2015,
3849,júlírós,ST,Sam,06.09.2007,
854,júlíus,DR,Sam,,
3895,júní,DR,Sam,16.10.2008,
4390,júní,ST,Sam,18.02.2014,
2653,júnía,ST,Sam,,
2654,júníana,ST,Sam,,
855,júníus,DR,Sam,,
856,júrek,DR,Sam,,
3455,kadder,DR,Haf,,
3502,kadder,DR,Haf,13.03.2003,
26,kai,DR,Haf,,
3995,kai,ST,Haf,08.07.2009,
4491,kai,DR,Sam,23.03.2015,
4440,kaia,ST,Haf,3.10.2014,
5713,kaia,ST,Sam,02.10.2023,https://www.stjornarradid.is/gogn/urskurdir-og-alit-/stakur-urskurdur/?newsid=66341970-61da-11ee-9bc0-005056bc4727&cname=Mannanafnanefnd&cid=e219adf8-4214-11e7-941a-005056bc530c
8025,kaija,ST,Sam,16.03.2026,https://www.stjornarradid.is/gogn/urskurdir-og-alit-/stakur-urskurdur/?newsid=61c93ee5-2854-11f1-b89c-005056bcde1f&cname=Mannanafnanefnd&cid=e219adf8-4214-11e7-941a-005056bc530c
5032,kain,DR,Haf,19.10.2020,
863,kaj,DR,Sam,,
2659,kaja,ST,Sam,,
3481,kakali,DR,Sam,12.02.2004,
3694,kaktus,DR,Sam,25.05.2006,
4470,kala,ST,Sam,19.1.2015,
5214,kaldakvísl,MI,Sam,17.11.2021,
4663,kaldbak,MI,Sam,18.04.2017,
5018,kalddal,MI,Sam,21.09.2020,
864,kaldi,DR,Sam,,
865,kaleb,DR,Sam,,
7324,kaleo,DR,Sam,13.08.2025,https://www.stjornarradid.is/gogn/urskurdir-og-alit-/stakur-urskurdur/?newsid=70e7c70d-79b8-11f0-b894-005056bcde1f&cname=Mannanafnanefnd&cid=e219adf8-4214-11e7-941a-005056bc530c
4287,kali,DR,Sam,05.10.2012,
3704,kalina,ST,Haf,31.08.2006,
7571,kalix,DR,Sam,13.10.2025,https://www.stjornarradid.is/gogn/urskurdir-og-alit-/stakur-urskurdur/?newsid=49c7e53d-cc3e-11f0-b897-005056bcde1f&cname=Mannanafnanefnd&cid=e219adf8-4214-11e7-941a-005056bc530c
2660,kalla,ST,Sam,,
5190,kalli,DR,Sam,12.10.2021,
866,kalman,DR,Sam,,
867,kalmann,DR,Sam,,
868,kalmar,DR,Sam,,
4540,kalmara,ST,Sam,5.11.2015,
4443,kamal,DR,Sam,3.10.2014,
5095,kamban,MI,Haf,01.07.2021,https://www.stjornarradid.is/gogn/urskurdir-og-alit-/stakur-urskurdur/?newsid=264ef027-db34-11eb-813d-005056bc8c60&cname=Mannanafnanefnd&cid=e219adf8-4214-11e7-941a-005056bc530c
8616,kamban,DR,Haf,22.04.2026,
2661,kamilla,ST,Sam,,
4707,kamilus,DR,Sam,24.11.2017,
2663,kamma,ST,Sam,,
2662,kamí,ST,Sam,,
6673,kanína,ST,Haf,23.01.2025,https://www.stjornarradid.is/gogn/urskurdir-og-alit-/stakur-urskurdur/?newsid=6ef0618a-e3a1-11ef-b88e-005056bcde1f&cname=Mannanafnanefnd&cid=e219adf8-4214-11e7-941a-005056bc530c
5227,kaos,KH,Sam,24.02.2021,https://www.stjornarradid.is/gogn/urskurdir-og-alit-/stakur-urskurdur/?newsid=5183d54c-7b4a-11eb-8131-005056bc8c60&cname=Mannanafnanefnd&cid=e219adf8-4214-11e7-941a-005056bc530c
1801,kap,ST,Haf,,
3406,kap,MI,Haf,,
2664,kapitola,ST,Sam,,
5451,kappi,DR,Sam,30.11.2022,
869,kaprasíus,DR,Sam,,
2665,kapítóla,ST,Sam,,
2666,kara,ST,Sam,,
5528,karabaldi,DR,Sam,30.03.2023,https://www.stjornarradid.is/gogn/urskurdir-og-alit-/stakur-urskurdur/?newsid=e7294691-cfc4-11ed-9bb8-005056bc4727&cname=Mannanafnanefnd&cid=e219adf8-4214-11e7-941a-005056bc530c
7239,kareem,DR,Sam,24.06.2025,https://www.stjornarradid.is/gogn/urskurdir-og-alit-/stakur-urskurdur/?newsid=f56d9c23-5343-11f0-b892-005056bcde1f&cname=Mannanafnanefnd&cid=e219adf8-4214-11e7-941a-005056bc530c
870,karel,DR,Sam,,
2667,karen,ST,Sam,,
4090,karim,DR,Sam,10.11.2010,
2668,karin,ST,Sam,,
1734,karitas,RST,Sam,,
3471,karkur,DR,Sam,18.12.2003,
871,karl,DR,Sam,,
2671,karla,ST,Sam,,
872,karles,DR,Sam,,
873,karli,DR,Sam,,
3832,karlinna,ST,Sam,25.09.2008,
2673,karlotta,ST,Sam,,
5119,karlynja,ST,Sam,25.03.2021,https://www.stjornarradid.is/gogn/urskurdir-og-alit-/stakur-urskurdur/?newsid=735b76d2-9b93-11eb-8134-005056bc8c60&cname=Mannanafnanefnd&cid=e219adf8-4214-11e7-941a-005056bc530c
2672,karlína,ST,Sam,,
4438,karma,DR,Haf,3.10.2014,
4592,karma,DR,Sam,03.06.2016,
4655,karma,ST,Sam,17.03.2017,
4349,karmen,ST,Sam,29.07.2013,
5306,karna,ST,Sam,01.03.2022,
4457,karol,ST,Sam,21.11.2014,
1736,karolína,RST,Sam,,
1802,karon,ST,Haf,,
874,karvel,DR,Sam,,
3761,karí,ST,Sam,20.07.2007,
1735,karín,RST,Sam,,
2669,karína,ST,Sam,,
2670,karítas,ST,Sam,,
3898,karó,ST,Sam,12.11.2008,
2674,karólín,ST,Sam,,
2675,karólína,ST,Sam,,
4507,karún,ST,Sam,04.06.2015,
4211,kaspar,DR,Sam,22.12.2011,
875,kasper,DR,Sam,,
6446,kaspían,DR,Sam,21.10.2024,https://www.stjornarradid.is/gogn/urskurdir-og-alit-/stakur-urskurdur/?newsid=d40f2c52-9052-11ef-b889-005056bcde1f&cname=Mannanafnanefnd&cid=e219adf8-4214-11e7-941a-005056bc530c
4264,kassandra,ST,Sam,24.11.1991,
4157,kastíel,DR,Sam,4.6.2011,
4961,kat,ST,Sam,19.05.2020,
3528,kata,ST,Sam,08.07.2004,
2676,katarína,ST,Sam,,
876,katarínus,DR,Sam,,
5202,kateri,ST,Sam,12.10.2021,
4285,katerína,ST,Sam,28.09.2012,
4299,katharina,ST,Sam,09.01.2013,
1803,katharína,ST,Haf,,
1737,kathinka,RST,Sam,,
2677,katinka,ST,Sam,,
2678,katla,ST,Sam,,
4898,katra,ST,Sam,03.10.2019,
2679,katrín,ST,Sam,,
3796,katrína,ST,Sam,19.03.2008,
877,kató,DR,Sam,,
4137,katý,ST,Sam,12.5.2011,
1695,kaya,RST,Haf,,
5000,kaya,ST,Haf,17.08.2020,
5976,kaya,ST,Sam,26.04.2024,https://www.stjornarradid.is/gogn/urskurdir-og-alit-/stakur-urskurdur/?newsid=3d5c8e34-03da-11ef-b883-005056bcde1f&cname=Mannanafnanefnd&cid=e219adf8-4214-11e7-941a-005056bc530c
3861,kayla,ST,Haf,08.11.2007,
4609,kaía,ST,Sam,05.08.2016,
5033,kaín,DR,Sam,19.10.2020,
2658,kaðlín,ST,Sam,,
4650,kelddal,MI,Sam,19.02.2017,
4986,keli,DR,Sam,20.07.2020,
3968,kelly,ST,Haf,07.01.2010,
3969,kellý,ST,Sam,07.01.2010,
3637,kendra,ST,Sam,15.09.2005,
3649,kenneth,DR,Haf,31.10.2005,
5475,kenny,DR,Sam,13.01.2023,https://www.stjornarradid.is/gogn/urskurdir-og-alit-/stakur-urskurdur/?newsid=312c76c9-971a-11ed-9bb4-005056bc4727&cname=Mannanafnanefnd&cid=e219adf8-4214-11e7-941a-005056bc530c
5377,kenya,ST,Sam,24.05.2022,
3923,keran,DR,Sam,08.05.2009,
2681,ketilbjörg,ST,Sam,,
880,ketilbjörn,DR,Sam,,
2682,ketilfríður,ST,Sam,,
881,ketill,DR,Sam,,
2683,ketilríður,ST,Sam,,
7537,khanom,ST,Haf,07.10.2025,https://www.stjornarradid.is/gogn/urskurdir-og-alit-/stakur-urskurdur/?newsid=f0d7ee99-a5e6-11f0-b896-005056bcde1f&cname=Mannanafnanefnd&cid=e219adf8-4214-11e7-941a-005056bc530c
4875,kiddi,DR,Sam,07.08.2019,
2684,kiddý,ST,Sam,,
4597,kikka,ST,Sam,03.06.2016,
3636,kilian,DR,Haf,15.09.2005,
6372,kilja,ST,Sam,03.09.2024,https://www.stjornarradid.is/gogn/urskurdir-og-alit-/stakur-urskurdur/?newsid=f758f168-702f-11ef-b888-005056bcde1f&cname=Mannanafnanefnd&cid=e219adf8-4214-11e7-941a-005056bc530c
882,kiljan,DR,Sam,,
28,killian,DR,Haf,,
3661,kilían,RDR,Sam,26.01.2006,
3509,kim,DR,Haf,28.05.2004,
5532,kim,DR,Sam,30.03.2023,https://www.stjornarradid.is/gogn/urskurdir-og-alit-/stakur-urskurdur/?newsid=6978b412-cfc6-11ed-9bb8-005056bc4727&cname=Mannanafnanefnd&cid=e219adf8-4214-11e7-941a-005056bc530c
5513,kims,MI,Haf,09.03.2023,https://www.stjornarradid.is/gogn/urskurdir-og-alit-/stakur-urskurdur/?newsid=8926a91d-bf26-11ed-9bb7-005056bc4727&cname=Mannanafnanefnd&cid=e219adf8-4214-11e7-941a-005056bc530c
4570,kinan,DR,Sam,01.04.2016,
4027,kira,ST,Sam,10.03.2010,
3546,kirsten,ST,Sam,22.09.2004,
2685,kirstín,ST,Sam,,
5463,kisa,ST,Haf,05.01.2023,https://www.stjornarradid.is/gogn/urskurdir-og-alit-/stakur-urskurdur/?newsid=ca1e940c-9349-11ed-9bb4-005056bc4727&cname=Mannanafnanefnd&cid=e219adf8-4214-11e7-941a-005056bc530c
3971,kittý,ST,Sam,21.01.2010,
883,kjalar,DR,Sam,,
884,kjallakur,DR,Sam,,
2686,kjalvör,ST,Sam,,
885,kjaran,DR,Sam,,
3701,kjarrval,MI,Óaf,14.07.06 frestað afgr,
3768,kjarrval,MI,Sam,17.12.2009,
886,kjartan,DR,Sam,,
6915,kjartann,DR,Haf,20.02.2025,https://www.stjornarradid.is/gogn/urskurdir-og-alit-/stakur-urskurdur/?newsid=36fee47a-f063-11ef-b88e-005056bcde1f&cname=Mannanafnanefnd&cid=e219adf8-4214-11e7-941a-005056bc530c
4074,kjarval,DR,Sam,05.08.2010,
4111,kjárr,MI,Haf,21.01.2011,
4118,kjárr,RDR,Sam,9.2.2011,
4296,kjói,DR,Sam,11.12.2012,
6040,klaki,DR,Sam,15.05.2024,https://www.stjornarradid.is/gogn/urskurdir-og-alit-/stakur-urskurdur/?newsid=835da801-1376-11ef-b884-005056bcde1f&cname=Mannanafnanefnd&cid=e219adf8-4214-11e7-941a-005056bc530c
2687,klara,ST,Sam,,
5472,klaría,ST,Sam,05.01.2023,https://www.stjornarradid.is/gogn/urskurdir-og-alit-/stakur-urskurdur/?newsid=3ee5779a-934d-11ed-9bb4-005056bc4727&cname=Mannanafnanefnd&cid=e219adf8-4214-11e7-941a-005056bc530c
5818,kleifar,DR,Sam,24.01.2024,https://www.stjornarradid.is/gogn/urskurdir-og-alit-/stakur-urskurdur/?newsid=f26d9612-bea6-11ee-b881-005056bcde1f&cname=Mannanafnanefnd&cid=e219adf8-4214-11e7-941a-005056bc530c
887,klemens,DR,Sam,,
3611,klementína,ST,Sam,27.06.2005,
1657,klemenz,RDR,Sam,,
5017,klettur,DR,Sam,21.09.2020,
2689,kleópatra,ST,Sam,,
4565,kling,MI,Sam,04.03.2016,
5263,klingenberg,MI,Haf,16.12.2021,
2688,kládía,ST,Sam,,
888,klængur,DR,Sam,,
5374,klöpp,ST,Sam,24.05.2022,
1589,knaran,MI,Sam,,
1590,knarran,MI,Sam,,
890,knörr,DR,Sam,,
889,knútur,DR,Sam,,
5387,kobold,MI,Haf,20.06.2022,
4214,koggi,DR,Sam,22.12.2011,
892,kolbeinn,DR,Sam,,
2690,kolbjörg,ST,Sam,,
893,kolbjörn,DR,Sam,,
2691,kolbrá,ST,Sam,,
2692,kolbrún,ST,Sam,,
2693,koldís,ST,Sam,,
2694,kolfinna,ST,Sam,,
894,kolfinnur,DR,Sam,,
2695,kolfreyja,ST,Sam,,
2696,kolgríma,ST,Sam,,
895,kolgrímur,DR,Sam,,
2697,kolka,ST,Sam,,
896,kolmar,DR,Sam,,
897,kolskeggur,DR,Sam,,
898,kolur,DR,Sam,,
899,kolviður,DR,Sam,,
4817,kolþerna,ST,Sam,28.01.2019,
3781,kona,ST,Haf,22.05.2019,
5130,kona,ST,Sam,11.08.2021,https://www.stjornarradid.is/gogn/urskurdir-og-alit-/stakur-urskurdur/?newsid=e50bee25-019e-11ec-813f-005056bc8c60&cname=Mannanafnanefnd&cid=e219adf8-4214-11e7-941a-005056bc530c
2698,konkordía,ST,Sam,,
5875,konn,MI,Sam,13.03.2024,https://www.stjornarradid.is/gogn/urskurdir-og-alit-/stakur-urskurdur/?newsid=b5f50417-e1f0-11ee-b883-005056bcde1f&cname=Mannanafnanefnd&cid=e219adf8-4214-11e7-941a-005056bc530c
8696,konni,DR,Sam,08.09.2026,
2699,konný,ST,Sam,,
4052,konrad,DR,Haf,04.06.2010,
900,konráð,DR,Sam,,
5644,konstantín,DR,Sam,14.08.2023,https://www.stjornarradid.is/gogn/urskurdir-og-alit-/stakur-urskurdur/?newsid=84e4a171-4718-11ee-9bbe-005056bc4727&cname=Mannanafnanefnd&cid=e219adf8-4214-11e7-941a-005056bc530c
6274,konstantína,ST,Sam,19.08.2024,https://www.stjornarradid.is/gogn/urskurdir-og-alit-/stakur-urskurdur/?newsid=91c881dd-5fa1-11ef-b887-005056bcde1f&cname=Mannanafnanefnd&cid=e219adf8-4214-11e7-941a-005056bc530c
3520,konstantínos,DR,Haf,28.05.2004,
901,konstantínus,DR,Sam,,
3774,korka,ST,Sam,24.11.2006,
2700,kormlöð,ST,Sam,,
902,kormákur,DR,Sam,,
2701,kornelía,ST,Sam,,
903,kornelíus,DR,Sam,,
4637,korri,DR,Sam,18.11.2016,
904,kort,DR,Sam,,
3407,kort,MI,Haf,04.03.2006,
3780,korts,MI,Óaf,22.06.2006,
29,kosmo,DR,Haf,,
891,koðrán,DR,Sam,,
4310,kraki,DR,Sam,07.02.2013,
4520,kreml,MI,Sam,09.07.2015,
3937,kris,DR,Sam,14.04.2009,
4339,krishna,DR,Haf,26.08.2013,
5943,kriss,KH,Sam,16.04.2024,https://www.stjornarradid.is/gogn/urskurdir-og-alit-/stakur-urskurdur/?newsid=a9ee8ad2-fd5e-11ee-b883-005056bcde1f&cname=Mannanafnanefnd&cid=e219adf8-4214-11e7-941a-005056bc530c
2702,krista,ST,Sam,,
3735,kristal,ST,Haf,28.04.2007,
3736,kristal,MI,Haf,28.04.2007,
906,kristall,DR,Sam,,
5197,kristan,DR,Sam,12.10.2021,
907,kristberg,DR,Sam,,
908,kristbergur,DR,Sam,,
2703,kristbjörg,ST,Sam,,
909,kristbjörn,DR,Sam,,
2704,kristborg,ST,Sam,,
910,kristdór,DR,Sam,,
2705,kristel,ST,Sam,,
911,kristens,DR,Sam,,
2706,kristensa,ST,Sam,,
912,krister,DR,Sam,,
2707,kristey,ST,Sam,,
913,kristfinnur,DR,Sam,,
2708,kristfríður,ST,Sam,,
914,kristgeir,DR,Sam,,
2709,kristgerður,ST,Sam,,
3447,kristian,RDR,Sam,08.07.2009,
1804,kristianna,ST,Haf,,
3692,kristin,ST,Sam,25.05.2006,
2710,kristine,ST,Sam,,
915,kristinn,DR,Sam,,
6574,kristinna,ST,Sam,13.12.2024,https://www.stjornarradid.is/gogn/urskurdir-og-alit-/stakur-urskurdur/?newsid=61d36d74-cc2d-11ef-b88c-005056bcde1f&cname=Mannanafnanefnd&cid=e219adf8-4214-11e7-941a-005056bc530c
2715,kristjana,ST,Sam,,
916,kristján,DR,Sam,,
917,kristjón,DR,Sam,,
2716,kristjóna,ST,Sam,,
2717,kristlaug,ST,Sam,,
918,kristlaugur,DR,Sam,,
919,kristleifur,DR,Sam,,
2718,kristlind,ST,Sam,,
2719,kristlín,ST,Sam,,
920,kristmann,DR,Sam,,
921,kristmar,DR,Sam,,
6442,kristmey,ST,Sam,21.10.2024,https://www.stjornarradid.is/gogn/urskurdir-og-alit-/stakur-urskurdur/?newsid=bbd399b5-9053-11ef-b889-005056bcde1f&cname=Mannanafnanefnd&cid=e219adf8-4214-11e7-941a-005056bc530c
922,kristmundur,DR,Sam,,
2720,kristný,ST,Sam,,
1633,kristofer,RDR,Haf,,
4116,kristofer,DR,Sam,9.2.2011,
2721,kristrós,ST,Sam,,
2722,kristrún,ST,Sam,,
924,kristvaldur,DR,Sam,,
925,kristvarður,DR,Sam,,
2723,kristveig,ST,Sam,,
926,kristvin,DR,Sam,,
2724,kristvina,ST,Sam,,
2711,kristíana,ST,Sam,,
2712,kristíanna,ST,Sam,,
2713,kristín,ST,Sam,,
2714,kristína,ST,Sam,,
1805,kristínbjörg,ST,Haf,,
4758,kristó,DR,Sam,26.06.2018,
5195,kristóbert,DR,Sam,12.10.2021,
923,kristófer,DR,Sam,,
4912,kristólín,ST,Sam,06.11.2019,
3850,kristólína,ST,Sam,18.12.2007,
4321,kristý,ST,Sam,16.05.2013,
927,kristþór,DR,Sam,,
2725,kristþóra,ST,Sam,,
4203,krossdal,MI,Sam,8.12.2011,
5084,krossá,MI,Sam,26.05.2021,https://www.stjornarradid.is/gogn/urskurdir-og-alit-/stakur-urskurdur/?newsid=0f8948b5-bf99-11eb-813a-005056bc8c60&cname=Mannanafnanefnd&cid=e219adf8-4214-11e7-941a-005056bc530c
4419,krumma,ST,Sam,20.06.2014,
928,krummi,DR,Sam,,
4832,kráka,ST,Sam,19.02.2019,
4952,krákur,DR,Sam,19.03.2020,
2726,kría,ST,Sam,,
4761,kubbur,DR,Sam,26.06.2018,
5071,kuggi,DR,Sam,24.02.2021,
4844,kusi,DR,Sam,24.04.2019,
4498,kvasir,DR,Sam,24.04.2015,
929,kveldúlfur,DR,Sam,,
5141,kvika,ST,Sam,11.08.2021,https://www.stjornarradid.is/gogn/urskurdir-og-alit-/stakur-urskurdur/?newsid=dc68add6-01aa-11ec-813f-005056bc8c60&cname=Mannanafnanefnd&cid=e219adf8-4214-11e7-941a-005056bc530c
5111,kvikan,MI,Sam,25.03.2021,https://www.stjornarradid.is/gogn/urskurdir-og-alit-/stakur-urskurdur/?newsid=1800dd9a-9b8e-11eb-8134-005056bc8c60&cname=Mannanafnanefnd&cid=e219adf8-4214-11e7-941a-005056bc530c
4917,kvist,MI,Sam,11.12.2019,
27,ká,DR,Haf,,
4786,ká,MI,Sam,20.09.2018,
878,kár,DR,Sam,,
2680,kára,ST,Sam,,
879,kári,DR,Sam,,
4610,kárí,ST,Sam,05.08.2016,
1806,kæja,ST,Haf,,
4277,kæja,ST,Sam,08.08.2012,
4147,kía,ST,Sam,18.5.2011,
4847,kíra,ST,Sam,24.04.2019,
4612,kíran,DR,Sam,04.08.2016,
5089,kóbra,ST,Sam,15.06.2021,https://www.stjornarradid.is/gogn/urskurdir-og-alit-/stakur-urskurdur/?newsid=1c6a4315-cde2-11eb-813d-005056bc8c60&cna
4081,kókó,ST,Sam,17.08.2010,
905,kópur,DR,Sam,,
4516,kórekur,DR,Sam,29.06.2015,
4327,lady,ST,Haf,07.08.2019,
4800,ladý,ST,Haf,20.11.2018,
8200,laia,ST,Sam,22.04.2026,
1738,laila,RST,Sam,,
5843,laki,DR,Sam,07.03.2024,https://www.stjornarradid.is/gogn/urskurdir-og-alit-/stakur-urskurdur/?newsid=603e9265-e1e4-11ee-b883-005056bcde1f&cname=Mannanafnanefnd&cid=e219adf8-4214-11e7-941a-005056bc530c
5533,lalía,ST,Sam,30.03.2023,https://www.stjornarradid.is/gogn/urskurdir-og-alit-/stakur-urskurdur/?newsid=9e1ca65f-cfc6-11ed-9bb8-005056bc4727&cname=Mannanafnanefnd&cid=e219adf8-4214-11e7-941a-005056bc530c
4636,lalíla,ST,Sam,18.11.2016,
930,lambert,DR,Sam,,
4926,lambi,DR,Sam,11.12.2019,
2728,lana,ST,Sam,,
3790,lano,DR,Haf,13.02.2008,
2729,lara,ST,Sam,,
931,lars,DR,Sam,,
7362,latína,ST,Haf,20.08.2025,https://www.stjornarradid.is/gogn/urskurdir-og-alit-/stakur-urskurdur/?newsid=9f50cb8a-828f-11f0-b894-005056bcde1f&cname=Mannanafnanefnd&cid=e219adf8-4214-11e7-941a-005056bc530c
7532,latýna,ST,Haf,07.10.2025,https://www.stjornarradid.is/gogn/urskurdir-og-alit-/stakur-urskurdur/?newsid=b010957c-a5e5-11f0-b896-005056bcde1f&cname=Mannanafnanefnd&cid=e219adf8-4214-11e7-941a-005056bc530c
5431,lauf,KH,Sam,07.10.2022,
932,laufar,DR,Sam,,
2730,laufey,ST,Sam,,
2731,laufheiður,ST,Sam,,
2732,laufhildur,ST,Sam,,
1591,laufkvist,MI,Sam,,
1592,laufland,MI,Sam,,
2733,lauga,ST,Sam,,
1593,laugdal,MI,Sam,,
2734,laugey,ST,Sam,,
2735,laugheiður,ST,Sam,,
4181,laugi,DR,Sam,12.8.2011,
5744,laurasif,ST,Haf,30.10.2023,https://www.stjornarradid.is/gogn/urskurdir-og-alit-/stakur-urskurdur/?newsid=057e62cf-77d0-11ee-9bc1-005056bc4727&cname=Mannanafnanefnd&cid=e219adf8-4214-11e7-941a-005056bc530c
933,lauritz,DR,Sam,,
4811,lauritz,MI,Haf,13.12.2018,
3408,laxdahl,MI,Haf,,
5280,laxdal,DR,Haf,13.01.2022,
1594,laxfoss,MI,Sam,,
4357,layla,ST,Haf,05.09.2013,
2727,laíla,ST,Sam,,
2740,lea,ST,Sam,,
3947,leah,ST,Haf,04.11.2009,
4796,leah,ST,Haf,19.01.2021,
5062,leah,MI,Haf,19.01.2021,
5786,leah,ST,Haf,06.12.2023,https://www.stjornarradid.is/gogn/urskurdir-og-alit-/stakur-urskurdur/?newsid=8bd275d5-94ec-11ee-b87f-005056bcde1f&cname=Mannanafnanefnd&cid=e219adf8-4214-11e7-941a-005056bc530c
3621,leif,DR,Sam,26.08.2005,
938,leifur,DR,Sam,,
939,leiknir,DR,Sam,,
2741,leikný,ST,Sam,,
4289,leila,ST,Sam,65/2012,
4954,lein,ST,Sam,19.03.2020,
937,leiðólfur,DR,Sam,,
4779,lella,ST,Sam,20.09.2018,
2742,lena,ST,Sam,,
4968,lennon,DR,Sam,19.05.2020,
30,leo,DR,Haf,,
3646,leo,DR,Sam,31. október 2005,
940,leon,DR,Sam,,
3917,leona,ST,Sam,30.09.2010,
941,leonard,DR,Sam,,
4799,leonardo,DR,Haf,20.11.2018,
5215,leonardo,DR,Sam,17.11.2021,
4833,leonardó,DR,Sam,19.02.2019,
5013,leonel,DR,Sam,21.09.2020,
942,leonhard,DR,Sam,,
3523,leonida,ST,Haf,08.07.2004,
1739,leonóra,RST,Sam,,
8543,lerkir,DR,Sam,30.07.2026,
4762,levi,MI,Haf,26.06.2018,
945,leví,DR,Sam,,
4726,levý,DR,Sam,20.03.2018,
4538,lexí,ST,Sam,30.09.2015,
5517,leya,ST,Sam,09.03.2023,https://www.stjornarradid.is/gogn/urskurdir-og-alit-/stakur-urskurdur/?newsid=666c8eab-bf2a-11ed-9bb7-005056bc4727&cname=Mannanafnanefnd&cid=e219adf8-4214-11e7-941a-005056bc530c
4400,leyla,ST,Sam,13.03.2014,
6540,leynd,ST,Sam,13.12.2024,https://www.stjornarradid.is/gogn/urskurdir-og-alit-/stakur-urskurdur/?newsid=25d6fdf9-cc2d-11ef-b88c-005056bcde1f&cname=Mannanafnanefnd&cid=e219adf8-4214-11e7-941a-005056bc530c
943,leó,DR,Sam,,
3918,leóna,ST,Sam,17.12.2008,
5420,leónardó,DR,Sam,05.09.2022,
2743,leónóra,ST,Sam,,
944,leópold,DR,Sam,,
3650,liam,DR,Haf,25.11.2005,
4851,liam,DR,Sam,24.04.2019,
5974,libya,ST,Haf,24.04.2024,https://www.stjornarradid.is/gogn/urskurdir-og-alit-/stakur-urskurdur/?newsid=ac3dc43c-03db-11ef-b883-005056bcde1f&cname=Mannanafnanefnd&cid=e219adf8-4214-11e7-941a-005056bc530c
1807,liisa,ST,Haf,,
5168,liisa,ST,Sam,09.09.2021,
5039,lilith,ST,Haf,24.11.2020,
5164,lilith,ST,Sam,09.09.2021,
2744,lilja,ST,Sam,,
3526,liljan,MI,Sam,23.06.2004,
4591,liljan,ST,Sam,03.06.2016,
946,liljar,DR,Sam,,
4018,liljarós,ST,Haf,04.02.2010,
3697,liljendal,DR,Haf,22.06.2006,
4019,liljurós,ST,Sam,04.02.2010,
2745,liljá,ST,Sam,,
2746,lill,ST,Sam,,
4120,lilla,ST,Sam,2.3.2011,
4753,lilley,ST,Sam,26.06.2018,
2747,lillian,ST,Sam,,
4449,lilly,ST,Sam,31.10.2014,
5100,lillín,ST,Sam,01.07.2021,https://www.stjornarradid.is/gogn/urskurdir-og-alit-/stakur-urskurdur/?newsid=ebf3d6bf-db35-11eb-813d-005056bc8c60&cname=Mannanafnanefnd&cid=e219adf8-4214-11e7-941a-005056bc530c
2748,lillý,ST,Sam,,
5515,lillýana,ST,Sam,09.03.2023,https://www.stjornarradid.is/gogn/urskurdir-og-alit-/stakur-urskurdur/?newsid=c32f0b49-bf29-11ed-9bb7-005056bc4727&cname=Mannanafnanefnd&cid=e219adf8-4214-11e7-941a-005056bc530c
2749,lily,ST,Sam,,
2750,lilý,ST,Sam,,
2751,lind,ST,Sam,,
4723,lind,DR,Haf,26.01.2018,
2752,linda,ST,Sam,,
947,lindar,DR,Sam,,
948,lindberg,DR,Sam,,
4777,lindberg,MI,Sam,22.08.2018,
4141,linddal,MI,Sam,18.5.2011,
4261,linddís,ST,Sam,21.06.2012,
6444,lindey,ST,Sam,21.10.2024,https://www.stjornarradid.is/gogn/urskurdir-og-alit-/stakur-urskurdur/?newsid=4f2a4ff1-9053-11ef-b889-005056bcde1f&cname=Mannanafnanefnd&cid=e219adf8-4214-11e7-941a-005056bc530c
4791,lindi,DR,Sam,03.10.2018,
4154,lingný,ST,Sam,28.10.2004,
7245,link,DR,Sam,24.06.2025,https://www.stjornarradid.is/gogn/urskurdir-og-alit-/stakur-urskurdur/?newsid=d4bac0a2-5345-11f0-b892-005056bcde1f&cname=Mannanafnanefnd&cid=e219adf8-4214-11e7-941a-005056bc530c
4604,linnea,ST,Sam,24.06.2016,
5209,linnet,DR,Haf,17.11.2021,
4769,lionel,DR,Haf,14.08.2018,
3642,lisbeth,ST,Sam,10. október 2005,
5138,lissie,ST,Sam,12.08.2021,https://www.stjornarradid.is/gogn/urskurdir-og-alit-/stakur-urskurdur/?newsid=03d06bf5-01aa-11ec-813f-005056bc8c60&cname=Mannanafnanefnd&cid=e219adf8-4214-11e7-941a-005056bc530c
4572,list,ST,Sam,01.04.2016,
2753,listalín,ST,Sam,,
6279,listó,MI,Sam,19.08.2024,https://www.stjornarradid.is/gogn/urskurdir-og-alit-/stakur-urskurdur/?newsid=f835901e-5fa2-11ef-b887-005056bcde1f&cname=Mannanafnanefnd&cid=e219adf8-4214-11e7-941a-005056bc530c
5414,litríkur,DR,Sam,05.09.2022,
2754,liv,ST,Sam,,
4711,ljóney,ST,Sam,22.12.2017,
4896,ljóni,DR,Sam,03.10.2019,
4871,ljónshjarta,MI,Sam,07.08.2019,
3479,ljós,MI,Sam,08.01.2004,
5393,ljósbera,ST,Sam,20.06.2022,
2768,ljósbjörg,ST,Sam,,
2769,ljósbrá,ST,Sam,,
4835,ljósunn,ST,Sam,19.02.2019,
7061,ljósynja,ST,Sam,08.05.2025,https://www.stjornarradid.is/gogn/urskurdir-og-alit-/stakur-urskurdur/?newsid=3ce7d4c2-2fee-11f0-b891-005056bcde1f&cname=Mannanafnanefnd&cid=e219adf8-4214-11e7-941a-005056bc530c
3605,ljósálfur,DR,Sam,30.05.2005,
2770,ljótunn,ST,Sam,,
951,ljótur,DR,Sam,,
952,ljúfur,DR,Sam,,
2771,lofn,ST,Sam,,
4652,lofthildur,ST,Sam,09.02.2017,
954,loftur,DR,Sam,,
2772,loftveig,ST,Sam,,
6273,logar,DR,Sam,19.08.2024,https://www.stjornarradid.is/gogn/urskurdir-og-alit-/stakur-urskurdur/?newsid=5b1e3feb-5fa1-11ef-b887-005056bcde1f&cname=Mannanafnanefnd&cid=e219adf8-4214-11e7-941a-005056bc530c
2773,logey,ST,Sam,,
955,logi,DR,Sam,,
4322,logn,MI,Sam,16.05.2013,
5226,logn,KH,Sam,21.04.2021,https://www.stjornarradid.is/gogn/urskurdir-og-alit-/stakur-urskurdur/?newsid=dd598d97-a8f4-11eb-8137-005056bc8c60&cname=Mannanafnanefnd&cid=e219adf8-4214-11e7-941a-005056bc530c
3793,lokbrá,ST,Sam,13.02.2008,
956,loki,DR,Sam,,
3986,london,ST,Haf,20.07.2009,
5035,lord,DR,Haf,19.10.2020,
31,lorenzlee,DR,Haf,,
2774,lotta,ST,Sam,,
2775,louisa,ST,Sam,,
4574,louise,ST,Sam,23.11.1993,
2776,lousie,ST,Sam,,
7780,love,ST,Sam,18.12.2025,https://www.stjornarradid.is/gogn/urskurdir-og-alit-/stakur-urskurdur/?newsid=c83af616-dce2-11f0-b898-005056bcde1f&cname=Mannanafnanefnd&cid=e219adf8-4214-11e7-941a-005056bc530c
2777,lovísa,ST,Sam,,
3570,loðmfjörð,MI,Sam,03.02.2005,
953,loðmundur,DR,Sam,,
4829,luai,DR,Haf,19.02.2019,
5535,luca,DR,Sam,30.03.2023,https://www.stjornarradid.is/gogn/urskurdir-og-alit-/stakur-urskurdur/?newsid=9698d204-cfc7-11ed-9bb8-005056bc4727&cname=Mannanafnanefnd&cid=e219adf8-4214-11e7-941a-005056bc530c
4785,lucas,DR,Haf,20.09.2018,
5079,lucas,DR,Sam,24.02.2021,
3597,lucia,ST,Haf,03.05.2005,
4850,lucia,ST,Sam,24.04.2019,
4907,lucifer,DR,Haf,06.11.2019,
5293,lucy,ST,Sam,26.01.2022,
7822,lucía,ST,Sam,20.01.2026,https://www.stjornarradid.is/gogn/urskurdir-og-alit-/stakur-urskurdur/?newsid=824b249c-f6cb-11f0-b899-005056bcde1f&cname=Mannanafnanefnd&cid=e219adf8-4214-11e7-941a-005056bc530c
958,ludvig,DR,Sam,,
1635,ludwig,RDR,Haf,,
5880,luka,DR,Sam,13.03.2024,https://www.stjornarradid.is/gogn/urskurdir-og-alit-/stakur-urskurdur/?newsid=ce3f80e8-e1f4-11ee-b883-005056bcde1f&cname=Mannanafnanefnd&cid=e219adf8-4214-11e7-941a-005056bc530c
2780,lukka,ST,Sam,,
4620,luna,ST,Sam,16.09.2016,
4030,lundi,DR,Sam,25.03.2010,
32,lusifer,DR,Haf,,
1741,lydia,RST,Sam,,
1742,lydía,RST,Sam,,
4842,lynd,ST,Sam,25.03.2019,
4143,lynda,ST,Haf,18.5.2011,
4163,lyngar,DR,Sam,22.06.2011,
1596,lyngberg,MI,Sam,,
2786,lyngheiður,ST,Sam,,
4629,lyngþór,DR,Sam,14.10.2016,
5978,láki,DR,Sam,24.04.2024,https://www.stjornarradid.is/gogn/urskurdir-og-alit-/stakur-urskurdur/?newsid=6eb444ac-03db-11ef-b883-005056bcde1f&cname=Mannanafnanefnd&cid=e219adf8-4214-11e7-941a-005056bc530c
5222,lán,ST,Sam,17.11.2021,
934,lár,DR,Sam,,
4772,lár,MI,Sam,14.08.2018,
2736,lára,ST,Sam,,
2737,lárensína,ST,Sam,,
4298,lárent,DR,Sam,28.11.2012,
5406,lárentína,ST,Sam,10.08.2022,
935,lárentíus,DR,Sam,,
5049,lárenz,DR,Sam,22.12.2020,
1696,lárenzína,RST,Haf,,
5048,lárenzína,RST,Sam,22.12.2020,
2738,láretta,ST,Sam,,
2739,lárey,ST,Sam,,
936,lárus,DR,Sam,,
2788,læla,ST,Sam,,
4169,lér,DR,Sam,29.9.2010,
4497,líam,DR,Sam,24.04.2015,
6275,líana,ST,Sam,19.08.2024,https://www.stjornarradid.is/gogn/urskurdir-og-alit-/stakur-urskurdur/?newsid=bfc373af-5fa1-11ef-b887-005056bcde1f&cname=Mannanafnanefnd&cid=e219adf8-4214-11e7-941a-005056bc530c
3721,líba,ST,Sam,29.12.2006,
2755,líf,ST,Sam,,
2756,lífdís,ST,Sam,,
5225,lílú,ST,Sam,17.11.2021,
4518,lílý,ST,Sam,29.06.2015,
2757,lín,ST,Sam,,
2758,lína,ST,Sam,,
949,línberg,DR,Sam,,
1595,línberg,MI,Sam,,
2759,línbjörg,ST,Sam,,
2760,líndís,ST,Sam,,
2761,líneik,ST,Sam,,
2762,líney,ST,Sam,,
2763,línhildur,ST,Sam,,
950,líni,DR,Sam,,
5103,líonel,DR,Sam,13.07.2021,https://www.stjornarradid.is/gogn/urskurdir-og-alit-/stakur-urskurdur/?newsid=f2327fe0-e54f-11eb-813d-005056bc8c60&cname=Mannanafnanefnd&cid=e219adf8-4214-11e7-941a-005056bc530c
2764,lísa,ST,Sam,,
2765,lísabet,ST,Sam,,
2766,lísandra,ST,Sam,,
2767,lísbet,ST,Sam,,
4248,lísbeth,ST,Haf,14.05.2012,
4010,lísebet,RST,Sam,17.09.2009,
4729,líus,DR,Sam,20.03.2018,
1740,lív,RST,Sam,,
4066,líza,ST,Haf,13.07.2010,
4579,líó,DR,Sam,06.05.2016,
2778,lóa,ST,Sam,,
4558,lói,DR,Sam,5.2.2016,
6007,lóla,ST,Sam,02.05.2024,https://www.stjornarradid.is/gogn/urskurdir-og-alit-/stakur-urskurdur/?newsid=30e3d6ec-0c85-11ef-b884-005056bcde1f&cname=Mannanafnanefnd&cid=e219adf8-4214-11e7-941a-005056bc530c
5285,lóley,ST,Sam,13.01.2022,
4735,lóni,DR,Sam,20.03.2018,
4736,lóni,MI,Haf,20.03.2018,
2779,lóreley,ST,Sam,,
957,lórens,DR,Sam,,
1634,lórenz,RDR,Haf,,
1658,lórenz,RDR,Sam,,
4429,lótus,DR,Sam,30.7.2014,
2781,lúcía,ST,Sam,,
5286,lúgó,DR,Sam,13.01.2022,
4724,lúis,DR,Sam,19.02.2018,
961,lúkas,DR,Sam,,
3789,lúna,ST,Sam,13.02.2008,
2783,lúsinda,ST,Sam,,
2784,lúsía,ST,Sam,,
4932,lúsífer,DR,Haf,14.01.2020,https://www.stjornarradid.is/gogn/urskurdir-og-alit-/stakur-urskurdur/?newsid=fb61f21f-058e-11ec-813f-005056bc8c60&cname=Mannanafnanefnd&cid=e219adf8-4214-11e7-941a-005056bc530c
962,lúter,DR,Sam,,
1659,lúther,RDR,Sam,,
2785,lúvísa,ST,Sam,,
2782,lúísa,ST,Sam,,
959,lúðvíg,DR,Sam,,
960,lúðvík,DR,Sam,,
3463,lúðvíka,ST,Sam,18.12.2003,
2787,lýdía,ST,Sam,,
4464,lýra,ST,Sam,5.12.2014,
964,lýtingur,DR,Sam,,
7099,lýðgerður,ST,Sam,23.05.2025,https://www.stjornarradid.is/gogn/urskurdir-og-alit-/stakur-urskurdur/?newsid=06b32a27-4c36-11f0-b892-005056bcde1f&cname=Mannanafnanefnd&cid=e219adf8-4214-11e7-941a-005056bc530c
963,lýður,DR,Sam,,
2789,maddý,ST,Sam,,
2790,magda,ST,Sam,,
1597,magdal,MI,Sam,,
2791,magdalena,ST,Sam,,
4037,magg,MI,Sam,15.04.2010,
2793,magga,ST,Sam,,
2794,maggey,ST,Sam,,
965,maggi,DR,Sam,,
3834,maggnús,DR,Haf,25.09.2008,
2795,maggý,ST,Sam,,
2796,magna,ST,Sam,,
2797,magndís,ST,Sam,,
2798,magnea,ST,Sam,,
2799,magnes,ST,Sam,,
2800,magney,ST,Sam,,
2801,magnfríður,ST,Sam,,
966,magngeir,DR,Sam,,
2802,magnheiður,ST,Sam,,
2803,magnhildur,ST,Sam,,
967,magni,DR,Sam,,
3696,magnus,DR,Haf,22.06.2006,
5813,magnína,ST,Sam,24.01.2024,https://www.stjornarradid.is/gogn/urskurdir-og-alit-/stakur-urskurdur/?newsid=9b974bb5-bea4-11ee-b881-005056bcde1f&cname=Mannanafnanefnd&cid=e219adf8-4214-11e7-941a-005056bc530c
6073,magnólía,ST,Sam,21.05.2024,https://www.stjornarradid.is/gogn/urskurdir-og-alit-/stakur-urskurdur/?newsid=e5e16fda-1902-11ef-b884-005056bcde1f&cname=Mannanafnanefnd&cid=e219adf8-4214-11e7-941a-005056bc530c
968,magnús,DR,Sam,,
2804,magnúsína,ST,Sam,,
2805,magný,ST,Sam,,
969,magnþór,DR,Sam,,
2806,magnþóra,ST,Sam,,
2792,magðalena,ST,Sam,,
1808,maia,ST,Haf,,
3647,maia,ST,Haf,31. október 2005,
4882,maia,RST,Sam,02.09.2019,
1809,maj,ST,Haf,,
3551,maj,ST,Sam,22.09.2004,
2808,maja,ST,Sam,,
970,makan,DR,Sam,,
6678,malcolm,DR,Sam,23.01.2025,https://www.stjornarradid.is/gogn/urskurdir-og-alit-/stakur-urskurdur/?newsid=2ec33d2e-e3a1-11ef-b88e-005056bcde1f&cname=Mannanafnanefnd&cid=e219adf8-4214-11e7-941a-005056bc530c
2809,malen,ST,Sam,,
2810,malena,ST,Sam,,
3862,malia,ST,Haf,06.06.2007,
4416,malika,ST,Sam,21.05.2014,
3421,malin,ST,Haf,,
4945,malin,RST,Sam,20.02.2020,
3624,malla,ST,Sam,10.08.2005,
3769,malm,DR,Haf,14.11.2006,
3770,malm,MI,Haf,14.11.2006,
3851,malía,ST,Sam,20.07.2007,
2811,malín,ST,Sam,,
4536,malína,ST,Sam,30.09.2015,
4628,manasína,ST,Sam,14.10.2016,
2812,manda,ST,Sam,,
1660,manfred,RDR,Sam,,
971,manfreð,DR,Sam,,
5177,manley,ST,Sam,09.09.2021,
7672,mannsi,DR,Sam,19.11.2025,https://www.stjornarradid.is/gogn/urskurdir-og-alit-/stakur-urskurdur/?newsid=e0e9e21e-cc3f-11f0-b897-005056bcde1f&cname=Mannanafnanefnd&cid=e219adf8-4214-11e7-941a-005056bc530c
4581,manuel,DR,Sam,06.05.2016,
3871,manuela,ST,Haf,14.01.2009,
4985,manuela,ST,Haf,20.07.2020,
5037,manuela,RST,Sam,19.10.2020,
972,manúel,DR,Sam,,
3933,manúela,ST,Sam,06.04.2009,
4368,manúella,ST,Sam,29.11.2013,
973,mar,DR,Sam,,
3608,mar,ST,Haf,30.05.2005,
4648,mar,MI,Haf,09.02.2017,
4178,mara,ST,Sam,4.8.2011,
974,marbjörn,DR,Sam,,
8024,marcus,DR,Sam,16.03.2026,https://www.stjornarradid.is/gogn/urskurdir-og-alit-/stakur-urskurdur/?newsid=dbfed43c-2853-11f1-b89c-005056bcde1f&cname=Mannanafnanefnd&cid=e219adf8-4214-11e7-941a-005056bc530c
2813,mardís,ST,Sam,,
975,marel,DR,Sam,,
2814,marel,ST,Haf,16.05.2009,
2815,marela,ST,Sam,,
4244,marella,ST,Sam,27.04.2012,
2816,maren,ST,Sam,,
2817,marey,ST,Sam,,
2818,marfríður,ST,Sam,,
5096,margaret,ST,Sam,01.07.2021,https://www.stjornarradid.is/gogn/urskurdir-og-alit-/stakur-urskurdur/?newsid=7a27e3d5-db34-11eb-813d-005056bc8c60&cname=Mannanafnanefnd&cid=e219adf8-4214-11e7-941a-005056bc530c
976,margeir,DR,Sam,,
2819,margit,ST,Sam,,
3418,margot,ST,Sam,,
1743,margret,RST,Sam,,
1744,margrjet,RST,Sam,,
2820,margrét,ST,Sam,,
977,margrímur,DR,Sam,,
2821,margunnur,ST,Sam,,
2822,marheiður,ST,Sam,,
978,mari,DR,Sam,,
3683,maria,RST,Sam,05.05.2006,
8691,mariam,ST,Sam,08.09.2026,
1810,mariame,ST,Haf,,
5480,marianne,RST,Sam,09.02.2023,https://www.stjornarradid.is/gogn/urskurdir-og-alit-/stakur-urskurdur/?newsid=a43dbcc1-ab8d-11ed-9bb5-f992086adea7&cname=Mannanafnanefnd&cid=e219adf8-4214-11e7-941a-005056bc530c
4175,marias,DR,Haf,15.7.2011,
2823,marie,ST,Sam,,
1811,marieanne,ST,Haf,,
3913,marija,ST,Haf,17.12.2008,
979,marijón,DR,Sam,,
4787,mariko,ST,Haf,31.08.2018,
3762,marikó,ST,Sam,28.04.2007,
2824,marinella,ST,Sam,,
5397,marino,DR,Sam,11.07.2022,
980,marinó,DR,Sam,,
3711,mario,DR,Haf,31.08.2006,
3688,marion,DR,Haf,25.05.2006,
5580,marion,ST,Sam,07.06.2023,https://www.stjornarradid.is/gogn/urskurdir-og-alit-/stakur-urskurdur/?newsid=44410b36-14e7-11ee-9bbb-005056bc4727&cname=Mannanafnanefnd&cid=e219adf8-4214-11e7-941a-005056bc530c
4865,mariska,ST,Sam,22.07.2019,
3720,marit,RST,Sam,28.01.2007,
1636,marius,RDR,Haf,,
3805,marius,DR,Haf,23.04.2008,
2834,marja,ST,Sam,,
984,marjón,DR,Sam,,
4445,mark,DR,Sam,3.10.2014,
4013,marko,DR,Haf,17.09.2009,
2835,markrún,ST,Sam,,
4014,markó,DR,Sam,17.09.2009,
985,markús,DR,Sam,,
986,markþór,DR,Sam,,
5392,marla,ST,Sam,20.06.2022,
2836,marlaug,ST,Sam,,
2837,marlena,ST,Sam,,
4891,marley,DR,Sam,06.09.2019,
3505,marlis,ST,Haf,28.05.2004,
4615,marlon,DR,Sam,02.09.2016,
2838,marlín,ST,Sam,,
3506,marlís,ST,Sam,28.05.2004,
6276,marló,KH,Sam,19.08.2024,https://www.stjornarradid.is/gogn/urskurdir-og-alit-/stakur-urskurdur/?newsid=3e281f60-5fa2-11ef-b887-005056bcde1f&cname=Mannanafnanefnd&cid=e219adf8-4214-11e7-941a-005056bc530c
987,maron,DR,Sam,,
3572,marri,DR,Sam,03.02.2005,
988,mars,DR,Sam,,
2840,marsa,ST,Sam,,
989,marsellíus,DR,Sam,,
2841,marselía,ST,Sam,,
6410,marselín,ST,Sam,16.09.2024,https://www.stjornarradid.is/gogn/urskurdir-og-alit-/stakur-urskurdur/?newsid=e57fbf70-75c7-11ef-b888-005056bcde1f&cname=Mannanafnanefnd&cid=e219adf8-4214-11e7-941a-005056bc530c
2842,marselína,ST,Sam,,
2843,marsibil,ST,Sam,,
2844,marsilía,ST,Sam,,
2845,marsý,ST,Sam,,
2846,marta,ST,Sam,,
990,marteinn,DR,Sam,,
5085,martel,DR,Sam,26.05.2021,https://www.stjornarradid.is/gogn/urskurdir-og-alit-/stakur-urskurdur/?newsid=60fcf4da-bf97-11eb-813a-005056bc8c60&cname=Mannanafnanefnd&cid=e219adf8-4214-11e7-941a-005056bc530c
1661,marten,RDR,Sam,,
1746,martha,RST,Sam,,
1662,marthen,RDR,Sam,,
991,martin,DR,Sam,,
2847,martína,ST,Sam,,
992,marvin,DR,Sam,,
1747,mary,RST,Sam,,
3438,marz,DR,Haf,,
3893,marzellíus,DR,Haf,28.04.2010,
4848,marzellíus,DR,Haf,24.04.2019,
4911,marzellíus,DR,Sam,06.11.2019,
4527,marzibil,ST,Sam,28.08.2015,
4360,marzilíus,DR,Sam,16.10.2013,
2825,marí,ST,Sam,,
2826,maría,ST,Sam,,
6172,maríabet,ST,Sam,02.07.2024,https://www.stjornarradid.is/gogn/urskurdir-og-alit-/stakur-urskurdur/?newsid=49eeb961-3abe-11ef-b886-005056bcde1f&cname=Mannanafnanefnd&cid=e219adf8-4214-11e7-941a-005056bc530c
2827,maríam,ST,Sam,,
3475,marían,ST,Sam,18.12.2003,
2828,maríana,ST,Sam,,
2829,maríanna,ST,Sam,,
981,marías,DR,Sam,,
6106,maríel,ST,Sam,23.05.2024,https://www.stjornarradid.is/gogn/urskurdir-og-alit-/stakur-urskurdur/?newsid=898785ac-1c31-11ef-b884-005056bcde1f&cname=Mannanafnanefnd&cid=e219adf8-4214-11e7-941a-005056bc530c
4672,maríella,ST,Sam,03.08.2017,
4033,maríjon,ST,Haf,31.03.2010,
3434,maríkó,RST,Sam,16.10.2008,
4607,maríkó,RST,Sam,15.10.2008,
2830,marín,ST,Sam,,
2831,marína,ST,Sam,,
1745,marínella,RST,Sam,,
4213,marínó,DR,Sam,22.12.2011,
3712,marío,DR,Haf,31.08.2006,
4034,maríon,ST,Sam,31.03.2010,
4720,maríon,DR,Sam,26.01.2018,
982,marís,DR,Sam,,
1812,marís,ST,Haf,,
3524,marísa,ST,Sam,23.06.2004,
4245,marísól,ST,Sam,02.05.2012,
2832,marít,ST,Sam,,
2833,maríuerla,ST,Sam,,
983,maríus,DR,Sam,,
2839,marólína,ST,Sam,,
2848,marý,ST,Sam,,
5403,marþór,DR,Sam,10.08.2022,
3631,mateo,DR,Haf,10.08.2005,
6437,mateo,DR,Sam,21.10.2024,https://www.stjornarradid.is/gogn/urskurdir-og-alit-/stakur-urskurdur/?newsid=51a2b6c2-9055-11ef-b889-005056bcde1f&cname=Mannanafnanefnd&cid=e219adf8-4214-11e7-941a-005056bc530c
4752,mateó,DR,Sam,26.06.2018,
5290,matheo,DR,Sam,26.01.2022,
7315,matheó,DR,Sam,13.08.2025,https://www.stjornarradid.is/gogn/urskurdir-og-alit-/stakur-urskurdur/?newsid=86548221-79b7-11f0-b894-005056bcde1f&cname=Mannanafnanefnd&cid=e219adf8-4214-11e7-941a-005056bc530c
4409,mathilda,ST,Sam,09.04.2014,
1663,mathías,RDR,Sam,,
5154,matilda,ST,Sam,09.09.2021,https://www.stjornarradid.is/gogn/urskurdir-og-alit-/stakur-urskurdur/?newsid=a2eb05e9-1246-11ec-813f-005056bc8c60&cname=Mannanafnanefnd&cid=e219adf8-4214-11e7-941a-005056bc530c
4153,matt,MI,Sam,28.10.2004,
4258,matta,ST,Sam,21.06.2012,
2849,mattea,ST,Sam,,
8650,matteo,DR,Sam,31.08.2026,
5093,matteó,DR,Sam,24.06.2021,https://www.stjornarradid.is/gogn/urskurdir-og-alit-/stakur-urskurdur/?newsid=d1f21b0b-d5a0-11eb-813d-005056bc8c60&cname=Mannanafnanefnd&cid=e219adf8-4214-11e7-941a-005056bc530c
1748,matthea,RST,Sam,,
5297,mattheó,DR,Sam,01.03.2022,
3745,matthilda,ST,Sam,20.07.2007,
2850,matthildur,ST,Sam,,
2851,matthía,ST,Sam,,
993,matthías,DR,Sam,,
3582,matti,DR,Sam,18.03.2005,
2852,mattíana,ST,Sam,,
3519,mattías,RDR,Sam,28.05.2004,
2853,mattína,ST,Sam,,
3557,mattý,ST,Sam,16.11.2004,
994,max,DR,Sam,,
4166,maxima,ST,Sam,01.07.2011,
4352,maxime,ST,Haf,05.09.2013,
4250,maximus,DR,Sam,14.05.2012,
4363,maxine,ST,Haf,16.10.2013,
5128,may,ST,Sam,11.08.2021,https://www.stjornarradid.is/gogn/urskurdir-og-alit-/stakur-urskurdur/?newsid=a87f84b5-01a9-11ec-813f-005056bc8c60&cname=Mannanafnanefnd&cid=e219adf8-4214-11e7-941a-005056bc530c
4873,maya,ST,Sam,07.08.2019,
3613,maí,ST,Haf,27.06.2005,
4776,maí,MI,Sam,14.08.2018,
4119,maía,ST,Sam,9.2.2011,
2807,maídís,ST,Sam,,
4144,maísól,ST,Sam,18.5.2011,
2860,meda,ST,Sam,,
5316,meinert,DR,Sam,22.03.2022,
1749,mekkin,RST,Sam,,
998,mekkinó,DR,Sam,,
2861,mekkín,ST,Sam,,
2862,melinda,ST,Sam,,
4131,melissa,ST,Sam,4.4.2011,
2863,melkorka,ST,Sam,,
3978,melkíor,DR,Sam,23.12.2009,
999,melkólmur,DR,Sam,,
3765,melrakki,DR,Sam,11.10.2006,
2864,melrós,ST,Sam,,
6409,melía,ST,Sam,16.09.2024,https://www.stjornarradid.is/gogn/urskurdir-og-alit-/stakur-urskurdur/?newsid=125c0772-75c8-11ef-b888-005056bcde1f&cname=Mannanafnanefnd&cid=e219adf8-4214-11e7-941a-005056bc530c
4982,melódía,ST,Sam,16.07.2020,
5407,menja,ST,Sam,10.08.2022,
3429,mensalder,DR,Sam,,
5715,merkel,ST,Sam,02.10.2023,https://www.stjornarradid.is/gogn/urskurdir-og-alit-/stakur-urskurdur/?newsid=e115cdfd-61dc-11ee-9bc0-005056bc4727&cname=Mannanafnanefnd&cid=e219adf8-4214-11e7-941a-005056bc530c
3737,merkúr,DR,Sam,20.07.2007,
7533,meryem,ST,Sam,07.10.2025,https://www.stjornarradid.is/gogn/urskurdir-og-alit-/stakur-urskurdur/?newsid=ecd8aa82-a5e5-11f0-b896-005056bcde1f&cname=Mannanafnanefnd&cid=e219adf8-4214-11e7-941a-005056bc530c
2865,messíana,ST,Sam,,
1664,methúsalem,RDR,Sam,,
2866,metta,ST,Sam,,
1000,metúsalem,DR,Sam,,
2867,mey,ST,Sam,,
5265,meyja,ST,Sam,16.12.2021,
1001,meyvant,DR,Sam,,
4697,mia,ST,Haf,27.10.2017,
1002,michael,DR,Sam,,
3903,michel,DR,Haf,01.12.2008,
5615,michell,ST,Sam,17.07.2023,https://www.stjornarradid.is/gogn/urskurdir-og-alit-/stakur-urskurdur/?newsid=a7acd65c-2af3-11ee-9bbc-005056bc4727&cname=Mannanafnanefnd&cid=e219adf8-4214-11e7-941a-005056bc530c
4849,midian,DR,Haf,24.04.2019,
5456,miguel,DR,Sam,30.11.2022,
1003,mikael,DR,Sam,,
2868,mikaela,ST,Sam,,
2869,mikaelína,ST,Sam,,
4417,mikhael,DR,Haf,21.05.2014,
8404,mikhael,DR,Haf,29.05.2026,
1004,mikjáll,DR,Sam,,
3934,mikkael,RDR,Sam,08.04.2009,
3958,mikkalína,ST,Sam,17.12.2009,
3889,mikkel,RDR,Sam,28.02.2009,
4913,mikki,DR,Sam,06.11.2019,
8472,mila,ST,Sam,15.07.2026,
6403,milan,DR,Sam,16.09.2024,https://www.stjornarradid.is/gogn/urskurdir-og-alit-/stakur-urskurdur/?newsid=c9830465-75c6-11ef-b888-005056bcde1f&cname=Mannanafnanefnd&cid=e219adf8-4214-11e7-941a-005056bc530c
2870,milda,ST,Sam,,
4205,mildinberg,DR,Sam,11.11.2011,
2871,mildríður,ST,Sam,,
3940,milica,ST,Haf,04.11.2009,
4000,milica,ST,Haf,08.07.2009,
2872,milla,ST,Sam,,
4792,milli,DR,Sam,16.10.2018,
4196,millý,ST,Sam,28.10.2011,
5441,milo,DR,Sam,02.11.2022,
4308,minerva,ST,Sam,07.02.2013,
4132,miniar,DR,Haf,4.4.2011,
2873,minna,ST,Sam,,
2874,minney,ST,Sam,,
3706,minnie,ST,Haf,31.08.2006,
2875,minný,ST,Sam,,
6813,mio,DR,Sam,07.02.2025,https://www.stjornarradid.is/gogn/urskurdir-og-alit-/stakur-urskurdur/?newsid=7b1d0c7d-f05b-11ef-b88e-005056bcde1f&cname=Mannanafnanefnd&cid=e219adf8-4214-11e7-941a-005056bc530c
3575,mir,DR,Haf,04.03.2005,
8615,mir,DR,Sam,12.08.2026,
1750,miriam,RST,Sam,,
2876,mirja,ST,Sam,,
2877,mirjam,ST,Sam,,
2878,mirra,ST,Sam,,
5004,miró,DR,Sam,17.08.2020,
2879,mist,ST,Sam,,
3497,mizt,ST,Haf,06.04.2004,
1598,miðdal,MI,Sam,,
5315,miðrik,DR,Sam,22.03.2022,
1599,miðvík,MI,Sam,,
2886,mjalldís,ST,Sam,,
2887,mjallhvít,ST,Sam,,
2885,mjaðveig,ST,Sam,,
1600,mjófjörð,MI,Sam,,
2888,mjöll,ST,Sam,,
4057,mjöllnir,DR,Sam,24.06.2010,
1007,mjölnir,DR,Sam,,
3951,moli,DR,Sam,28.10.2009,
8336,mollý,ST,Sam,27.05.2026,
2889,mona,ST,Sam,,
1751,monika,RST,Sam,,
4756,moon,MI,Haf,26.06.2018,
5278,moon,ST,Sam,13.01.2022,
4643,mordal,MI,Sam,06.01.2017,
4870,mordekaí,DR,Sam,07.08.2019,
4231,morgan,MI,Haf,01.03.2012,
4232,morgan,DR,Sam,01.03.2012,
4474,morgunsól,ST,Sam,19.1.2015,
1665,moritz,RDR,Sam,,
5260,morri,DR,Sam,16.12.2021,
4801,mortan,DR,Sam,20.11.2018,
5015,morten,DR,Sam,21.09.2020,
3767,mosi,DR,Sam,14.11.2006,
4856,muggi,DR,Sam,22.05.2019,
1010,muggur,DR,Sam,,
4589,mummi,DR,Sam,06.05.2016,
2896,munda,ST,Sam,,
2897,mundheiður,ST,Sam,,
2898,mundhildur,ST,Sam,,
4110,mundína,ST,Sam,21.01.2011,
1011,muni,DR,Sam,,
1012,muninn,DR,Sam,,
5034,mylla,ST,Sam,19.10.2020,
4323,myrk,ST,Sam,16.05.2013,
5270,myrkey,ST,Sam,4. janúar 2022,
5479,myrkrún,ST,Sam,09.02.2023,https://www.stjornarradid.is/gogn/urskurdir-og-alit-/stakur-urskurdur/?newsid=fdc50924-ab8c-11ed-9bb5-f992086adea7&cname=Mannanafnanefnd&cid=e219adf8-4214-11e7-941a-005056bc530c
5112,myrktýr,DR,Sam,25.03.2021,https://www.stjornarradid.is/gogn/urskurdir-og-alit-/stakur-urskurdur/?newsid=69288347-9b8f-11eb-8134-005056bc8c60&cname=Mannanafnanefnd&cid=e219adf8-4214-11e7-941a-005056bc530c
5266,myrkva,ST,Sam,16.12.2021,
4980,myrkvar,DR,Sam,22.06.2020,
1014,myrkvi,DR,Sam,,
4802,myrká,ST,Haf,20.11.2018,
5519,myrkár,DR,Sam,09.03.2023,https://www.stjornarradid.is/gogn/urskurdir-og-alit-/stakur-urskurdur/?newsid=fcf4ce52-bf29-11ed-9bb7-005056bc4727&cname=Mannanafnanefnd&cid=e219adf8-4214-11e7-941a-005056bc530c
1752,myrra,RST,Sam,,
5408,myríam,ST,Sam,10.08.2022,
2854,mábil,ST,Sam,,
2855,málfríður,ST,Sam,,
2856,málhildur,ST,Sam,,
2857,málmfríður,ST,Sam,,
2858,mánadís,ST,Sam,,
5848,mánarós,ST,Sam,07.03.2024,https://www.stjornarradid.is/gogn/urskurdir-og-alit-/stakur-urskurdur/?newsid=196137cd-e1e5-11ee-b883-005056bcde1f&cname=Mannanafnanefnd&cid=e219adf8-4214-11e7-941a-005056bc530c
2859,máney,ST,Sam,,
995,máni,DR,Sam,,
996,már,DR,Sam,,
3766,mára,ST,Sam,11.10.2006,
5745,márey,ST,Sam,30.10.2023,https://www.stjornarradid.is/gogn/urskurdir-og-alit-/stakur-urskurdur/?newsid=9cd6ca78-77cf-11ee-9bc1-005056bc4727&cname=Mannanafnanefnd&cid=e219adf8-4214-11e7-941a-005056bc530c
4999,mári,DR,Sam,17.08.2020,
997,márus,DR,Sam,,
4562,mæja,ST,Sam,04.03.2016,
2880,mía,ST,Sam,,
1005,mías,DR,Sam,,
7135,míkah,ST,Sam,23.05.2025,https://www.stjornarradid.is/gogn/urskurdir-og-alit-/stakur-urskurdur/?newsid=a2be4988-4c36-11f0-b892-005056bcde1f&cname=Mannanafnanefnd&cid=e219adf8-4214-11e7-941a-005056bc530c
4461,míla,ST,Sam,5.12.2014,
7238,míló,DR,Sam,24.06.2025,https://www.stjornarradid.is/gogn/urskurdir-og-alit-/stakur-urskurdur/?newsid=bbb6b993-5343-11f0-b892-005056bcde1f&cname=Mannanafnanefnd&cid=e219adf8-4214-11e7-941a-005056bc530c
1006,mímir,DR,Sam,,
4414,mímósa,ST,Sam,21.05.2014,
5253,mín,ST,Haf,16.12.2021,
2881,mínerva,ST,Sam,,
3596,mír,DR,Sam,15.04.2005,
2882,míra,ST,Sam,,
2883,míranda,ST,Sam,,
4541,mírey,ST,Sam,5.11.2015,
4434,míriel,ST,Haf,15.08.2014,
4435,míríel,ST,Sam,15.08.2014,
2884,mítra,ST,Sam,,
3833,míó,DR,Sam,25.09.2008,
4504,móa,ST,Sam,04.06.2015,
5908,móari,DR,Haf,20.03.2024,https://www.stjornarradid.is/gogn/urskurdir-og-alit-/stakur-urskurdur/?newsid=a0cbb43b-e6cb-11ee-b883-005056bcde1f&cname=Mannanafnanefnd&cid=e219adf8-4214-11e7-941a-005056bc530c
5909,móari,MI,Haf,20.03.2024,https://www.stjornarradid.is/gogn/urskurdir-og-alit-/stakur-urskurdur/?newsid=a0cbb43b-e6cb-11ee-b883-005056bcde1f&cname=Mannanafnanefnd&cid=e219adf8-4214-11e7-941a-005056bc530c
1601,móberg,MI,Sam,,
5308,móberg,DR,Sam,01.03.2022,
4145,módís,ST,Sam,18.5.2011,
2890,móeiður,ST,Sam,,
2891,móey,ST,Sam,,
2892,móheiður,ST,Sam,,
4484,mói,DR,Sam,23.03.2015,
2893,móna,ST,Sam,,
2894,mónika,ST,Sam,,
2895,móníka,ST,Sam,,
5438,móra,ST,Sam,02.11.2022,
4038,móri,DR,Sam,15.04.2010,
1008,mórits,DR,Sam,,
1009,móses,DR,Sam,,
4195,móði,DR,Sam,28.10.2011,
2900,mörk,ST,Sam,,
1016,mörður,DR,Sam,,
7499,múhameð,DR,Sam,19.09.2025,https://www.stjornarradid.is/gogn/urskurdir-og-alit-/stakur-urskurdur/?newsid=493e7a6e-a5e7-11f0-b896-005056bcde1f&cname=Mannanafnanefnd&cid=e219adf8-4214-11e7-941a-005056bc530c
1013,múli,DR,Sam,,
3409,múli,MI,Haf,,
5460,múr,DR,Sam,05.01.2023,https://www.stjornarradid.is/gogn/urskurdir-og-alit-/stakur-urskurdur/?newsid=adb5546f-9347-11ed-9bb4-005056bc4727&cname=Mannanafnanefnd&cid=e219adf8-4214-11e7-941a-005056bc530c
3869,mýa,ST,Haf,14.01.2009,
3798,mýr,ST,Sam,23.04.2008,
2899,mýra,ST,Sam,,
1015,mýrkjartan,DR,Sam,,
3855,mýrmann,MI,Sam,28.04.2007,
4102,mýrún,ST,Sam,22.12.2010,
3567,nadia,ST,Sam,03.02.2005,
2902,nadja,ST,Sam,,
2901,nadía,ST,Sam,,
3984,naemí,ST,Haf,20.07.2009,
3985,naemí,RST,Haf,20.07.2009,
4668,nala,ST,Sam,23.05.2017,
2903,nana,ST,Sam,,
1813,nancy,ST,Haf,,
4730,nancy,ST,Sam,20.03.2018,
2904,nanna,ST,Sam,,
2905,nanný,ST,Sam,,
2906,nansý,ST,Sam,,
4819,nanyore,ST,Haf,28.01.2019,
5521,naní,ST,Sam,09.03.2023,https://www.stjornarradid.is/gogn/urskurdir-og-alit-/stakur-urskurdur/?newsid=48dc69b2-bf27-11ed-9bb7-005056bc4727&cname=Mannanafnanefnd&cid=e219adf8-4214-11e7-941a-005056bc530c
1814,naomi,ST,Haf,,
1753,naomí,RST,Sam,,
5104,nara,ST,Sam,13.07.2021,https://www.stjornarradid.is/gogn/urskurdir-og-alit-/stakur-urskurdur/?newsid=d350c5d7-e550-11eb-813d-005056bc8c60&cname=Mannanafnanefnd&cid=e219adf8-4214-11e7-941a-005056bc530c
3663,naranja,ST,Sam,26.01.2006,
5578,narfey,ST,Sam,07.06.2023,https://www.stjornarradid.is/gogn/urskurdir-og-alit-/stakur-urskurdur/?newsid=33a54904-14ea-11ee-9bbb-005056bc4727&cname=Mannanafnanefnd&cid=e219adf8-4214-11e7-941a-005056bc530c
1017,narfi,DR,Sam,,
4818,nasha,ST,Haf,28.01.2019,
3525,natalie,ST,Sam,23.06.2004,
4825,natalí,ST,Sam,28.01.2019,
2908,natalía,ST,Sam,,
1018,natan,DR,Sam,,
1019,natanael,DR,Sam,,
3633,nataníel,DR,Sam,10.08.2005,
4665,natasha,ST,Haf,23.05.2017,
7461,natasha,ST,Sam,18.09.2025,https://www.stjornarradid.is/gogn/urskurdir-og-alit-/stakur-urskurdur/?newsid=bd419051-9796-11f0-b895-005056bcde1f&cname=Mannanafnanefnd&cid=e219adf8-4214-11e7-941a-005056bc530c
4666,natasja,ST,Sam,23.05.2017,
5006,nathalia,RST,Sam,26.08.2020,
4993,nathalía,ST,Haf,17.08.2020,
5474,nathalía,RST,Sam,05.01.2023,
33,nathan,DR,Haf,,
4408,nathan,DR,Sam,09.04.2014,
5005,nathanael,DR,Sam,13.01.2017,
5042,nathaníel,RDR,Sam,24.11.2020,
1697,naómi,RST,Haf,,
2907,naómí,ST,Sam,,
1020,neisti,DR,Sam,,
2910,nella,ST,Sam,,
2911,nellý,ST,Sam,,
3760,nenna,ST,Sam,06.06.2007,
3987,nenni,DR,Sam,20.07.2009,
1021,neptúnus,DR,Sam,,
4624,neró,DR,Sam,14.10.2016,
3508,nesmann,MI,Sam,28.05.2004,
4845,neó,DR,Sam,24.04.2019,
7313,nicolai,DR,Sam,13.08.2025,https://www.stjornarradid.is/gogn/urskurdir-og-alit-/stakur-urskurdur/?newsid=cbe16f46-79b9-11f0-b894-005056bcde1f&cname=Mannanafnanefnd&cid=e219adf8-4214-11e7-941a-005056bc530c
3653,nicolas,DR,Sam,25.11.2005,
3547,nicole,ST,Sam,22.09.2004,
4224,nicoletta,ST,Haf,1.2.2012,
5309,nieljohníus,DR,Sam,01.03.2022,
34,niels,DR,Haf,,
5175,niels,DR,Sam,10.09.2021,
5819,nift,ST,Sam,24.01.2024,https://www.stjornarradid.is/gogn/urskurdir-og-alit-/stakur-urskurdur/?newsid=249f20e2-bea6-11ee-b881-005056bcde1f&cname=Mannanafnanefnd&cid=e219adf8-4214-11e7-941a-005056bc530c
3839,nikanor,DR,Sam,05.12.2007,
4987,nikk,MI,Sam,17.08.2020,
3536,niklas,DR,Haf,19.08.2004,
1022,nikolai,DR,Sam,,
5041,nikolaj,RDR,Sam,24.11.2020,
1666,nikolas,RDR,Sam,,
4256,nikoletta,ST,Sam,21.05.2012,
1023,nikulás,DR,Sam,,
4155,nikíta,ST,Sam,28.10.2004,
2913,nikólína,ST,Sam,,
1024,nils,DR,Sam,,
2914,ninja,ST,Sam,,
2915,ninna,ST,Sam,,
6205,ninni,DR,Sam,16.07.2024,
2912,niðbjörg,ST,Sam,,
2917,njála,ST,Sam,,
1026,njáll,DR,Sam,,
2918,njóla,ST,Sam,,
1027,njörður,DR,Sam,,
5149,noah,DR,Sam,21.04.2021,https://www.stjornarradid.is/gogn/urskurdir-og-alit-/stakur-urskurdur/?newsid=9eedf32f-a8f0-11eb-8137-005056bc8c60&cname=Mannanafnanefnd&cid=e219adf8-4214-11e7-941a-005056bc530c
3957,noel,DR,Haf,17.12.2009,
1028,nonni,DR,Sam,,
1815,nora,ST,Haf,,
8026,nora,ST,Sam,16.03.2026,https://www.stjornarradid.is/gogn/urskurdir-og-alit-/stakur-urskurdur/?newsid=dd345f1a-2854-11f1-b89c-005056bcde1f&cname=Mannanafnanefnd&cid=e219adf8-4214-11e7-941a-005056bc530c
1029,norbert,DR,Sam,,
2919,norma,ST,Sam,,
1031,normann,DR,Sam,,
1602,norðland,MI,Sam,,
1030,norðmann,DR,Sam,,
8270,norðquist,DR,Haf,04.05.2026,
5291,norður,KH,Sam,26.01.2022,
7821,nátt,ST,Sam,20.01.2026,https://www.stjornarradid.is/gogn/urskurdir-og-alit-/stakur-urskurdur/?newsid=12487e7e-284f-11f1-b89c-005056bcde1f&cname=Mannanafnanefnd&cid=e219adf8-4214-11e7-941a-005056bc530c
5531,náttey,ST,Sam,30.03.2023,https://www.stjornarradid.is/gogn/urskurdir-og-alit-/stakur-urskurdur/?newsid=ea8e5906-cfc5-11ed-9bb8-005056bc4727&cname=Mannanafnanefnd&cid=e219adf8-4214-11e7-941a-005056bc530c
5824,náttfari,DR,Sam,24.01.2024,https://www.stjornarradid.is/gogn/urskurdir-og-alit-/stakur-urskurdur/?newsid=e9dbca46-bea4-11ee-b881-005056bcde1f&cname=Mannanafnanefnd&cid=e219adf8-4214-11e7-941a-005056bc530c
4955,nátthrafn,DR,Sam,19.03.2020,
3713,náttmörður,DR,Sam,31.08.2006,
5381,náttrós,ST,Sam,09.06.2022,
5881,náttrún,ST,Sam,13.03.2024,https://www.stjornarradid.is/gogn/urskurdir-og-alit-/stakur-urskurdur/?newsid=8973b16f-e1f3-11ee-b883-005056bcde1f&cname=Mannanafnanefnd&cid=e219adf8-4214-11e7-941a-005056bc530c
2909,náttsól,ST,Sam,,
4252,náttúlfur,DR,Sam,14.05.2012,
4843,náttúra,ST,Sam,09.04.2019,
4431,náð,ST,Sam,15.08.2014,
5301,níeljohníus,DR,Sam,01.03.2022,
1025,níels,DR,Sam,,
1667,níls,RDR,Sam,,
2916,nína,ST,Sam,,
4091,níní,ST,Sam,10.11.2010,
7100,nísa,ST,Sam,23.05.2025,https://www.stjornarradid.is/gogn/urskurdir-og-alit-/stakur-urskurdur/?newsid=ff369669-4c36-11f0-b892-005056bcde1f&cname=Mannanafnanefnd&cid=e219adf8-4214-11e7-941a-005056bc530c
3693,nóa,ST,Sam,25.05.2006,
4306,nóam,DR,Sam,29.09.2010,
3453,nóel,DR,Sam,,
1032,nói,DR,Sam,,
5547,nóla,ST,Sam,04.05.2023,https://www.stjornarradid.is/gogn/urskurdir-og-alit-/stakur-urskurdur/?newsid=b853d0ec-ee56-11ed-9bb9-005056bc4727&cname=Mannanafnanefnd&cid=e219adf8-4214-11e7-941a-005056bc530c
5444,nólan,DR,Sam,02.11.2022,
1033,nóni,DR,Sam,,
2920,nóra,ST,Sam,,
4257,nóri,DR,Sam,16.06.2012,
2921,nótt,ST,Sam,,
3543,nóvember,DR,Sam,22.09.2004,
1035,nökkvi,DR,Sam,,
1034,númi,DR,Sam,,
3674,núpdal,MI,Sam,04.03.2006,
5545,núra,ST,Sam,04.05.2023,https://www.stjornarradid.is/gogn/urskurdir-og-alit-/stakur-urskurdur/?newsid=03c0d7b7-ee58-11ed-9bb9-005056bc4727&cname=Mannanafnanefnd&cid=e219adf8-4214-11e7-941a-005056bc530c
6177,núri,DR,Sam,02.07.2024,https://www.stjornarradid.is/gogn/urskurdir-og-alit-/stakur-urskurdur/?newsid=b9b3f54e-3abf-11ef-b886-005056bcde1f&cname=Mannanafnanefnd&cid=e219adf8-4214-11e7-941a-005056bc530c
2922,nýbjörg,ST,Sam,,
5101,nýdönsk,ST,Sam,01.07.2021,https://www.stjornarradid.is/gogn/urskurdir-og-alit-/stakur-urskurdur/?newsid=3cc65f42-db36-11eb-813d-005056bc8c60&cname=Mannanafnanefnd&cid=e219adf8-4214-11e7-941a-005056bc530c
4183,nývarð,DR,Sam,9.9.2011,
4326,obba,ST,Sam,06.06.2013,
5777,octavia,ST,Sam,06.12.2023,https://www.stjornarradid.is/gogn/urskurdir-og-alit-/stakur-urskurdur/?newsid=5f6c3636-94e8-11ee-b87f-005056bcde1f&cname=Mannanafnanefnd&cid=e219adf8-4214-11e7-941a-005056bc530c
5132,octavius,MI,Haf,11.08.2021,
5133,octavius,DR,Sam,11.08.2021,
5716,octavía,ST,Haf,02.10.2023,https://www.stjornarradid.is/gogn/urskurdir-og-alit-/stakur-urskurdur/?newsid=ccca950b-61db-11ee-9bc0-005056bc4727&cname=Mannanafnanefnd&cid=e219adf8-4214-11e7-941a-005056bc530c
2923,odda,ST,Sam,,
1036,oddbergur,DR,Sam,,
2924,oddbjörg,ST,Sam,,
1037,oddbjörn,DR,Sam,,
6441,oddey,ST,Sam,21.10.2024,https://www.stjornarradid.is/gogn/urskurdir-og-alit-/stakur-urskurdur/?newsid=769f25ec-9054-11ef-b889-005056bcde1f&cname=Mannanafnanefnd&cid=e219adf8-4214-11e7-941a-005056bc530c
2925,oddfreyja,ST,Sam,,
1038,oddfreyr,DR,Sam,,
2926,oddfríður,ST,Sam,,
1039,oddgeir,DR,Sam,,
2927,oddgerður,ST,Sam,,
2928,oddhildur,ST,Sam,,
1040,oddi,DR,Sam,,
1041,oddkell,DR,Sam,,
2929,oddlaug,ST,Sam,,
2930,oddleif,ST,Sam,,
1042,oddleifur,DR,Sam,,
1043,oddmar,DR,Sam,,
2931,oddný,ST,Sam,,
2932,oddrún,ST,Sam,,
1044,oddsteinn,DR,Sam,,
1045,oddur,DR,Sam,,
1046,oddvar,DR,Sam,,
2933,oddveig,ST,Sam,,
2934,oddvör,ST,Sam,,
1047,oddþór,DR,Sam,,
5031,odin,DR,Haf,19.10.2020,
4317,ofur,DR,Haf,22.03.2013,
2935,oktavía,ST,Sam,,
4808,oktavías,DR,Sam,13.12.2018,
3470,oktavíus,DR,Sam,18.12.2003,
1048,októ,DR,Sam,,
2936,októvía,ST,Sam,,
1049,októvíus,DR,Sam,,
1050,olaf,DR,Sam,,
3734,olav,RDR,Sam,20.07.2007,
8686,olavi,DR,Sam,08.09.2026,
4684,olavur,DR,Sam,22.09.2017,
3648,ole,MI,Haf,31. október 2005,
2937,olga,ST,Sam,,
4593,olgalilja,ST,Haf,03.06.2016,
1051,olgeir,DR,Sam,,
1052,oliver,DR,Sam,,
1053,olivert,DR,Sam,,
4340,olivia,ST,Sam,26.08.2013,
5784,olivía,ST,Sam,06.12.2023,https://www.stjornarradid.is/gogn/urskurdir-og-alit-/stakur-urskurdur/?newsid=b686b0d2-94eb-11ee-b87f-005056bcde1f&cname=Mannanafnanefnd&cid=e219adf8-4214-11e7-941a-005056bc530c
4590,olli,DR,Sam,,
3930,ollý,ST,Sam,14.05.2009,
6675,omar,DR,Sam,23.01.2025,https://www.stjornarradid.is/gogn/urskurdir-og-alit-/stakur-urskurdur/?newsid=27305c40-e39e-11ef-b88e-005056bcde1f&cname=Mannanafnanefnd&cid=e219adf8-4214-11e7-941a-005056bc530c
5366,omel,DR,Sam,24.05.2022,
4595,omid,DR,Haf,03.06.2016,
3988,ora,ST,Sam,20.07.2009,
5307,ordal,MI,Sam,01.03.2022,
3545,orfeus,DR,Sam,22.09.2004,
3866,orka,ST,Sam,02.01.2009,
1054,ormar,DR,Sam,,
2938,ormheiður,ST,Sam,,
2939,ormhildur,ST,Sam,,
4919,ormsvíkingur,DR,Sam,11.12.2019,
1055,ormur,DR,Sam,,
1056,orri,DR,Sam,,
1057,orvar,DR,Sam,,
8694,oríana,ST,Sam,08.09.2026,
4831,othar,DR,Sam,19.02.2019,
2940,otkatla,ST,Sam,,
1058,otkell,DR,Sam,,
1059,otri,DR,Sam,,
2941,otta,ST,Sam,,
1060,otti,DR,Sam,,
1061,ottó,DR,Sam,,
1062,otur,DR,Sam,,
4970,palli,DR,Sam,19.05.2020,
5810,palma,ST,Sam,24.01.2024,https://www.stjornarradid.is/gogn/urskurdir-og-alit-/stakur-urskurdur/?newsid=ad12e203-bea6-11ee-b881-005056bcde1f&cname=Mannanafnanefnd&cid=e219adf8-4214-11e7-941a-005056bc530c
2950,pamela,ST,Sam,,
5614,panpan,ST,Sam,17.07.2023,https://www.stjornarradid.is/gogn/urskurdir-og-alit-/stakur-urskurdur/?newsid=6b22f94d-2af4-11ee-9bbc-005056bc4727&cname=Mannanafnanefnd&cid=e219adf8-4214-11e7-941a-005056bc530c
5845,paolo,DR,Sam,07.03.2024,https://www.stjornarradid.is/gogn/urskurdir-og-alit-/stakur-urskurdur/?newsid=a2a23079-e1e8-11ee-b883-005056bcde1f&cname=Mannanafnanefnd&cid=e219adf8-4214-11e7-941a-005056bc530c
5304,paradís,ST,Sam,01.03.2022,
1075,parmes,DR,Sam,,
3482,parís,ST,Sam,12.02.2004,
3840,patrek,RDR,Sam,08.11.2007,
1076,patrekur,DR,Sam,,
4113,patricia,ST,Sam,9.2.2011,
3535,patrick,DR,Sam,19.08.2004,
1077,patrik,DR,Sam,,
4073,patrisía,ST,Sam,12.05.2010,
3530,patryk,DR,Haf,23.06.2004,
6541,patti,DR,Sam,11.12.2024,https://www.stjornarradid.is/gogn/urskurdir-og-alit-/stakur-urskurdur/?newsid=5d78f9c9-cc2e-11ef-b88c-005056bcde1f&cname=Mannanafnanefnd&cid=e219adf8-4214-11e7-941a-005056bc530c
4273,pedro,DR,Haf,08.08.2012,
4274,pedró,DR,Sam,11.08.2012,
1081,per,DR,Sam,,
5488,peran,MI,Haf,09.02.2023,https://www.stjornarradid.is/gogn/urskurdir-og-alit-/stakur-urskurdur/?newsid=df8b529c-aeac-11ed-9bb5-f992086adea7&cname=Mannanafnanefnd&cid=e219adf8-4214-11e7-941a-005056bc530c
2963,perla,ST,Sam,,
2964,peta,ST,Sam,,
1082,peter,DR,Sam,,
2965,petra,ST,Sam,,
2966,petrea,ST,Sam,,
1755,petronella,RST,Sam,,
2967,petrína,ST,Sam,,
2968,petrónella,ST,Sam,,
3899,petrós,ST,Sam,12.11.2008,
2969,petrún,ST,Sam,,
2970,petrúnella,ST,Sam,,
4759,petter,DR,Sam,26.06.2018,
3777,phillip,DR,Haf,11.10.2006,
3863,pia,ST,Haf,24.10.2007,
8063,pia,ST,Sam,16.03.2026,https://www.stjornarradid.is/gogn/urskurdir-og-alit-/stakur-urskurdur/?newsid=81add6d5-2857-11f1-b89c-005056bcde1f&cname=Mannanafnanefnd&cid=e219adf8-4214-11e7-941a-005056bc530c
1670,pjetur,RDR,Sam,,
4587,pollux,MI,Haf,06.05.2016,
1756,polly,RST,Sam,,
2973,pollý,ST,Sam,,
5822,pomóna,ST,Sam,24.01.2024,https://www.stjornarradid.is/gogn/urskurdir-og-alit-/stakur-urskurdur/?newsid=dd9d06c0-bea5-11ee-b881-005056bcde1f&cname=Mannanafnanefnd&cid=e219adf8-4214-11e7-941a-005056bc530c
4495,prinsessa,ST,Haf,24.04.2015,
4005,priya,ST,Haf,08.07.2009,
4006,pría,ST,Sam,08.07.2009,
1084,príor,DR,Sam,,
8614,pá,DR,Sam,12.08.2026,
2951,pála,ST,Sam,,
2952,páldís,ST,Sam,,
2953,páley,ST,Sam,,
2954,pálfríður,ST,Sam,,
2955,pálhanna,ST,Sam,,
2956,pálheiður,ST,Sam,,
2957,pálhildur,ST,Sam,,
1078,páll,DR,Sam,,
5776,pálma,ST,Sam,06.12.2023,https://www.stjornarradid.is/gogn/urskurdir-og-alit-/stakur-urskurdur/?newsid=0a03a2b2-94e8-11ee-b87f-005056bcde1f&cname=Mannanafnanefnd&cid=e219adf8-4214-11e7-941a-005056bc530c
1079,pálmar,DR,Sam,,
2960,pálmey,ST,Sam,,
2961,pálmfríður,ST,Sam,,
1080,pálmi,DR,Sam,,
2962,pálrún,ST,Sam,,
2958,pálín,ST,Sam,,
2959,pálína,ST,Sam,,
2971,pétrína,ST,Sam,,
2972,pétrún,ST,Sam,,
1083,pétur,DR,Sam,,
3896,pía,ST,Sam,16.10.2008,
4734,pírati,MI,Haf,20.03.2018,
5257,pírati,DR,Sam,16.12.2021,
5584,quin,KH,Sam,07.06.2023,https://www.stjornarradid.is/gogn/urskurdir-og-alit-/stakur-urskurdur/?newsid=cfee2c15-14e8-11ee-9bbb-005056bc4727&cname=Mannanafnanefnd&cid=e219adf8-4214-11e7-941a-005056bc530c
8202,rabbi,DR,Sam,22.04.2026,
8693,rae,ST,Sam,08.09.2026,
1085,rafael,DR,Sam,,
8201,rafaela,ST,Sam,22.04.2026,
1086,rafn,DR,Sam,,
1087,rafnar,DR,Sam,,
2974,rafney,ST,Sam,,
2975,rafnhildur,ST,Sam,,
1088,rafnkell,DR,Sam,,
7327,raggý,ST,Sam,13.08.2025,https://www.stjornarradid.is/gogn/urskurdir-og-alit-/stakur-urskurdur/?newsid=0df1a54d-79ba-11f0-b894-005056bcde1f&cname=Mannanafnanefnd&cid=e219adf8-4214-11e7-941a-005056bc530c
5288,ragn,KH,Sam,26.01.2022,
2976,ragna,ST,Sam,,
1089,ragnar,DR,Sam,,
2977,ragnbjörg,ST,Sam,,
2978,ragney,ST,Sam,,
2979,ragnfríður,ST,Sam,,
2980,ragnheiður,ST,Sam,,
2981,ragnhildur,ST,Sam,,
5008,ragný,ST,Sam,21.09.2020,
1090,ragúel,DR,Sam,,
2982,rakel,ST,Sam,,
4583,raknar,DR,Sam,06.05.2016,
36,ralph,DR,Haf,,
4750,ram,MI,Haf,26.06.2018,
4774,ram,DR,Sam,14.08.2018,
3883,rami,DR,Haf,27.02.2009,
4920,ramses,DR,Sam,11.12.2019,
4269,ramóna,ST,Sam,08.08.2012,
2983,randalín,ST,Sam,,
1091,randver,DR,Sam,,
1816,randy,ST,Haf,,
4653,randí,ST,Sam,03.03.2017,
2984,randíður,ST,Sam,,
3689,randý,ST,Sam,25.05.2006,
7745,ranimosk,KH,Sam,18.12.2025,https://www.stjornarradid.is/gogn/urskurdir-og-alit-/stakur-urskurdur/?newsid=1d8cc00f-dce4-11f0-b898-005056bcde1f&cname=Mannanafnanefnd&cid=e219adf8-4214-11e7-941a-005056bc530c
4193,ranka,ST,Sam,28.10.2011,
3715,rannva,ST,Sam,14.09.2006,
2985,rannveig,ST,Sam,,
1092,rannver,DR,Sam,,
1093,rasmus,DR,Sam,,
7711,raven,ST,Sam,20.11.2025,https://www.stjornarradid.is/gogn/urskurdir-og-alit-/stakur-urskurdur/?newsid=c0725aff-cc43-11f0-b897-005056bcde1f&cname=Mannanafnanefnd&cid=e219adf8-4214-11e7-941a-005056bc530c
5373,ray,DR,Sam,24.05.2022,
5350,rayna,ST,Sam,25.04.2022,
4325,rea,ST,Sam,16.05.2013,
1817,rebecca,ST,Haf,,
2988,rebekka,ST,Sam,,
3739,reese,DR,Haf,20.07.2007,
4060,refur,DR,Sam,24.06.2010,
3517,regin,DR,Haf,24.11.2020,
5279,regin,DR,Sam,13.01.2022,
1637,reginbald,RDR,Haf,,
4158,reginbald,MI,Sam,03.06.2011,
1096,reginbaldur,DR,Sam,,
2989,reginbjörg,ST,Sam,,
1097,reginn,DR,Sam,,
5228,regn,KH,Sam,19.10.2020,https://www.stjornarradid.is/gogn/urskurdir-og-alit-/stakur-urskurdur/?newsid=97592b41-392e-11eb-8129-005056bc8c60&cname=Mannanafnanefnd&cid=e219adf8-4214-11e7-941a-005056bc530c
2990,regína,ST,Sam,,
6680,rei,ST,Sam,23.01.2025,https://www.stjornarradid.is/gogn/urskurdir-og-alit-/stakur-urskurdur/?newsid=5dfce184-e39f-11ef-b88e-005056bcde1f&cname=Mannanafnanefnd&cid=e219adf8-4214-11e7-941a-005056bc530c
1098,reidar,DR,Sam,,
1099,reifnir,DR,Sam,,
1100,reimar,DR,Sam,,
4283,rein,ST,Sam,05.10.2012,
4284,rein,MI,Haf,05.10.2012,
1101,reinar,DR,Sam,,
4901,reinhard,DR,Sam,03.10.2019,
1102,reinhart,DR,Sam,,
3959,reinhold,DR,Sam,17.12.2009,
6780,reinholdt,DR,Sam,10.02.2025,https://www.stjornarradid.is/gogn/urskurdir-og-alit-/stakur-urskurdur/?newsid=5ba9b9b9-f05c-11ef-b88e-005056bcde1f&cname=Mannanafnanefnd&cid=e219adf8-4214-11e7-941a-005056bc530c
4519,remek,DR,Sam,09.07.2015,
2991,renata,ST,Sam,,
4455,rex,DR,Sam,,
4906,rey,DR,Sam,06.11.2019,
4098,reykdal,DR,Haf,22.12.2010,
4389,reykdal,DR,Sam,10.2.2014,
1606,reykfell,MI,Sam,,
1607,reykfjörð,MI,Sam,,
5686,reykjalín,DR,Sam,29.08.2023,https://www.stjornarradid.is/gogn/urskurdir-og-alit-/stakur-urskurdur/?newsid=42aff380-4b2a-11ee-9bbe-005056bc4727&cname=Mannanafnanefnd&cid=e219adf8-4214-11e7-941a-005056bc530c
4804,reyla,ST,Sam,20.11.2018,
6607,reymar,DR,Sam,08.01.2025,https://www.stjornarradid.is/gogn/urskurdir-og-alit-/stakur-urskurdur/?newsid=8308b4e5-d3f4-11ef-b88d-005056bcde1f&cname=Mannanafnanefnd&cid=e219adf8-4214-11e7-941a-005056bc530c
3921,reyn,ST,Sam,30.04.2009,
1103,reynald,DR,Sam,,
1104,reynar,DR,Sam,,
4631,reynarð,DR,Sam,28.10.2016,
2992,reyndís,ST,Sam,,
2993,reynheiður,ST,Sam,,
2994,reynhildur,ST,Sam,,
1608,reynholt,MI,Sam,,
1105,reynir,DR,Sam,,
1106,reyr,DR,Sam,,
4633,reyðfjörð,MI,Sam,14.10.2016,
1107,richard,DR,Sam,,
7712,rick,DR,Sam,20.11.2025,https://www.stjornarradid.is/gogn/urskurdir-og-alit-/stakur-urskurdur/?newsid=1268b808-cc44-11f0-b897-005056bcde1f&cname=Mannanafnanefnd&cid=e219adf8-4214-11e7-941a-005056bc530c
8062,rikard,DR,Sam,16.03.2026,https://www.stjornarradid.is/gogn/urskurdir-og-alit-/stakur-urskurdur/?newsid=29d28d86-2857-11f1-b89c-005056bcde1f&cname=Mannanafnanefnd&cid=e219adf8-4214-11e7-941a-005056bc530c
1108,rikharð,DR,Sam,,
3699,rikharður,RDR,Sam,22.06.2006,
2995,rikka,ST,Sam,,
3841,rikki,DR,Sam,28.04.2007,
4146,ripley,ST,Sam,18.5.2011,
2996,rita,ST,Sam,,
4936,river,DR,Sam,14.01.2020,
4677,roar,DR,Haf,21.08.2017,
3788,robert,RDR,Sam,30.01.2008,
6175,roj,ST,Sam,02.07.2024,https://www.stjornarradid.is/gogn/urskurdir-og-alit-/stakur-urskurdur/?newsid=48741e45-3abf-11ef-b886-005056bcde1f&cname=Mannanafnanefnd&cid=e219adf8-4214-11e7-941a-005056bc530c
4713,rokk,MI,Sam,22.12.2017,
1111,rolf,DR,Sam,,
4307,ronald,DR,Sam,29.09.2010,
3000,ronja,ST,Sam,,
4260,rorí,ST,Sam,21.06.2012,
4960,rose,ST,Sam,19.05.2020,
1818,rosemarie,ST,Haf,19.03.2020,
5205,rosemarie,ST,Sam,12.10.2021,
3428,rosita,ST,Haf,,
4083,roxanna,ST,Sam,27.08.2010,
1671,rudolf,RDR,Sam,,
3842,runi,DR,Sam,08.11.2007,
3020,runný,ST,Sam,,
1124,runólfur,DR,Sam,,
3021,rut,ST,Sam,,
1758,ruth,RST,Sam,,
2987,rán,ST,Sam,,
6950,ránar,DR,Sam,24.03.2025,https://www.stjornarradid.is/gogn/urskurdir-og-alit-/stakur-urskurdur/?newsid=b3da73fe-0b01-11f0-b88f-005056bcde1f&cname=Mannanafnanefnd&cid=e219adf8-4214-11e7-941a-005056bc530c
1094,ráðgeir,DR,Sam,,
2986,ráðhildur,ST,Sam,,
1095,ráðvarður,DR,Sam,,
1109,ríkarður,DR,Sam,,
2997,ríkey,ST,Sam,,
3595,ríkharð,DR,Sam,15.04.2005,
1110,ríkharður,DR,Sam,,
7572,ríma,ST,Sam,12.10.2025,https://www.stjornarradid.is/gogn/urskurdir-og-alit-/stakur-urskurdur/?newsid=166c709f-cc3e-11f0-b897-005056bcde1f&cname=Mannanafnanefnd&cid=e219adf8-4214-11e7-941a-005056bc530c
2998,rín,ST,Sam,,
2999,ríta,ST,Sam,,
3454,ríó,DR,Sam,,
3460,ríó,DR,Sam,,
1112,róbert,DR,Sam,,
3001,róberta,ST,Sam,,
3722,róbjörg,ST,Sam,29.12.2006,
5122,rói,DR,Sam,05.08.2021,https://www.stjornarradid.is/gogn/urskurdir-og-alit-/stakur-urskurdur/?newsid=5a6f1147-058f-11ec-813f-005056bc8c60&cname=Mannanafnanefnd&cid=e219adf8-4214-11e7-941a-005056bc530c
1113,rólant,DR,Sam,,
5109,róm,ST,Sam,25.03.2021,https://www.stjornarradid.is/gogn/urskurdir-og-alit-/stakur-urskurdur/?newsid=70d0868d-9b8d-11eb-8134-005056bc8c60&cname=Mannanafnanefnd&cid=e219adf8-4214-11e7-941a-005056bc530c
5076,róma,ST,Sam,24.02.2021,
3672,róman,MI,Haf,04.03.2006,
3673,róman,DR,Sam,04.03.2006,
3467,rómeó,DR,Sam,18.12.2003,
3002,rós,ST,Sam,,
3003,rósa,ST,Sam,,
3004,rósalind,ST,Sam,,
4486,rósalía,ST,Sam,23.03.2015,
5054,rósamunda,ST,Sam,,
3005,rósanna,ST,Sam,,
1114,rósant,DR,Sam,,
1115,rósar,DR,Sam,,
1116,rósberg,DR,Sam,,
3006,rósbjörg,ST,Sam,,
3007,rósborg,ST,Sam,,
3008,róselía,ST,Sam,,
1117,rósenberg,DR,Sam,,
1819,rósenkrans,ST,Haf,,
3410,rósenkrans,MI,Haf,,
3009,rósey,ST,Sam,,
3010,rósfríður,ST,Sam,,
3011,róshildur,ST,Sam,,
1118,rósi,DR,Sam,,
1119,rósinberg,DR,Sam,,
1120,rósinkar,DR,Sam,,
3012,rósinkara,ST,Sam,,
1121,rósinkrans,DR,Sam,,
4121,rósinkransa,ST,Sam,2.3.2011,
4039,róska,ST,Sam,15.04.2010,
3013,róslaug,ST,Sam,,
3014,róslind,ST,Sam,,
3015,róslinda,ST,Sam,,
3016,róslín,ST,Sam,,
1122,rósmann,DR,Sam,,
5273,rósmar,DR,Sam,13.01.2022,
1757,rósmary,RST,Sam,,
3017,rósmarý,ST,Sam,,
3018,rósmunda,ST,Sam,,
1123,rósmundur,DR,Sam,,
3019,rósný,ST,Sam,,
4561,rósý,ST,Sam,5.2.2016,
3026,röfn,ST,Sam,,
4805,röggi,DR,Sam,22.11.2018,
3027,rögn,ST,Sam,,
3882,rögnvald,DR,Sam,06.02.2009,
1131,rögnvaldur,DR,Sam,,
1132,rögnvar,DR,Sam,,
7326,rökkur,KH,Sam,13.08.2025,https://www.stjornarradid.is/gogn/urskurdir-og-alit-/stakur-urskurdur/?newsid=e7809435-79b8-11f0-b894-005056bcde1f&cname=Mannanafnanefnd&cid=e219adf8-4214-11e7-941a-005056bc530c
4746,rökkurdís,ST,Sam,22.05.2018,
4381,rökkva,ST,Sam,10.2.2014,
1133,rökkvi,DR,Sam,,
3028,röskva,ST,Sam,,
4693,röskvi,DR,Sam,22.09.2017,
1130,röðull,DR,Sam,,
8541,rúa,ST,Sam,30.07.2026,
3820,rúbar,DR,Sam,28.07.2008,
1125,rúben,DR,Sam,,
4198,rúbý,ST,Sam,28.10.2011,
1126,rúdólf,DR,Sam,,
3022,rún,ST,Sam,,
3023,rúna,ST,Sam,,
1127,rúnar,DR,Sam,,
3024,rúndís,ST,Sam,,
4880,rúnel,ST,Sam,07.08.2019,
3025,rúnhildur,ST,Sam,,
5439,rúni,DR,Sam,02.11.2022,
1128,rúrik,DR,Sam,,
3540,rúrí,ST,Sam,19.08.2004,
7202,rúrý,ST,Sam,10.06.2025,https://www.stjornarradid.is/gogn/urskurdir-og-alit-/stakur-urskurdur/?newsid=e0c32ba3-4c3a-11f0-b892-005056bcde1f&cname=Mannanafnanefnd&cid=e219adf8-4214-11e7-941a-005056bc530c
1129,rútur,DR,Sam,,
5127,saara,ST,Sam,06.08.2021,https://www.stjornarradid.is/gogn/urskurdir-og-alit-/stakur-urskurdur/?newsid=c240cc66-019f-11ec-813f-005056bc8c60&cname=Mannanafnanefnd&cid=e219adf8-4214-11e7-941a-005056bc530c
3030,sabrína,ST,Sam,,
3029,sabína,ST,Sam,,
1134,safír,DR,Sam,,
5259,safíra,ST,Sam,16.12.2021,
3031,saga,ST,Sam,,
1135,sakarías,DR,Sam,,
4601,sakura,ST,Sam,24.06.2016,
1609,salberg,MI,Sam,,
3032,salbjörg,ST,Sam,,
3033,saldís,ST,Sam,,
3034,salgerður,ST,Sam,,
3036,salka,ST,Sam,,
3037,salma,ST,Sam,,
1136,salmann,DR,Sam,,
1137,salmar,DR,Sam,,
3038,salný,ST,Sam,,
1759,salome,RST,Sam,,
5428,salomína,ST,Sam,07.10.2022,
8613,salts,MI,Sam,12.08.2026,
4979,salvador,DR,Sam,22.06.2020,
5412,salvadór,DR,Sam,10.08.2022,
1139,salvar,DR,Sam,,
6272,salvarr,DR,Haf,19.08.2024,https://www.stjornarradid.is/gogn/urskurdir-og-alit-/stakur-urskurdur/?newsid=e9c78d60-5fa0-11ef-b887-005056bcde1f&cname=Mannanafnanefnd&cid=e219adf8-4214-11e7-941a-005056bc530c
5433,salvía,ST,Sam,07.10.2022,
3040,salvör,ST,Sam,,
3473,salín,ST,Sam,18.12.2003,
3035,salína,ST,Sam,,
3039,salóme,ST,Sam,,
1138,salómon,DR,Sam,,
7466,samir,DR,Sam,18.09.2025,https://www.stjornarradid.is/gogn/urskurdir-og-alit-/stakur-urskurdur/?newsid=1e9b83d5-9796-11f0-b895-005056bcde1f&cname=Mannanafnanefnd&cid=e219adf8-4214-11e7-941a-005056bc530c
5861,sammi,DR,Sam,07.03.2024,https://www.stjornarradid.is/gogn/urskurdir-og-alit-/stakur-urskurdur/?newsid=f01b340e-e1e8-11ee-b883-005056bcde1f&cname=Mannanafnanefnd&cid=e219adf8-4214-11e7-941a-005056bc530c
5453,sammy,DR,Sam,30.11.2022,
1140,samson,DR,Sam,,
8692,samíra,ST,Sam,08.09.2026,
1141,samúel,DR,Sam,,
1142,sandel,DR,Sam,,
1610,sandhólm,MI,Sam,,
3041,sandra,ST,Sam,,
1143,sandri,DR,Sam,,
1144,sandur,DR,Sam,,
3420,sanna,ST,Sam,,
5080,sanný,ST,Sam,24.02.2021,
4008,santia,ST,Haf,08.07.2009,
6271,santos,DR,Sam,19.08.2024,https://www.stjornarradid.is/gogn/urskurdir-og-alit-/stakur-urskurdur/?newsid=9ea519a2-5fa0-11ef-b887-005056bcde1f&cname=Mannanafnanefnd&cid=e219adf8-4214-11e7-941a-005056bc530c
4009,santía,ST,Sam,08.07.2009,
3042,sara,ST,Sam,,
1698,sarah,ST,Sam,11.08.2021,https://www.stjornarradid.is/gogn/urskurdir-og-alit-/stakur-urskurdur/?newsid=265d8cd4-01a9-11ec-813f-005056bc8c60&cname=Mannanafnanefnd&cid=e219adf8-4214-11e7-941a-005056bc530c
3983,sarah,ST,Haf,20.07.2009,
3423,sarína,ST,Sam,,
5542,sasha,DR,Sam,04.05.2023,https://www.stjornarradid.is/gogn/urskurdir-og-alit-/stakur-urskurdur/?newsid=93fe4447-ee57-11ed-9bb9-005056bc4727&cname=Mannanafnanefnd&cid=e219adf8-4214-11e7-941a-005056bc530c
5157,sasi,DR,Sam,09.09.2021,
1820,satanía,ST,Haf,,
1145,saxi,DR,Sam,,
8698,scarlet,ST,Sam,08.09.2026,
5447,scott,DR,Sam,30.11.2022,https://www.stjornarradid.is/gogn/urskurdir-og-alit-/stakur-urskurdur/?newsid=02bc25d0-7af8-11ed-9bb3-005056bc4727&cname=Mannanafnanefnd&cid=e219adf8-4214-11e7-941a-005056bc530c
7463,seba,ST,Sam,18.09.2025,https://www.stjornarradid.is/gogn/urskurdir-og-alit-/stakur-urskurdur/?newsid=dc17f581-9797-11f0-b895-005056bcde1f&cname=Mannanafnanefnd&cid=e219adf8-4214-11e7-941a-005056bc530c
1672,sebastian,RDR,Sam,,
1146,sebastían,DR,Sam,,
4104,sefanía,ST,Sam,17.12.2010,
1147,seifur,DR,Sam,,
1148,seimur,DR,Sam,,
4451,selena,ST,Sam,,
4695,selina,ST,Sam,27.10.2017,
3043,selja,ST,Sam,,
1611,seljan,MI,Sam,,
3044,selka,ST,Sam,,
3045,selma,ST,Sam,,
5364,senjor,DR,Haf,24.05.2022,
3046,senía,ST,Sam,,
3047,septíma,ST,Sam,,
3048,sera,ST,Sam,,
4077,serena,ST,Sam,17.08.2010,
1149,sesar,DR,Sam,,
3049,seselía,ST,Sam,,
1150,sesil,DR,Sam,,
3050,sesilía,ST,Sam,,
3052,sesselja,ST,Sam,,
3051,sesselía,ST,Sam,,
7243,sesselíus,DR,Sam,24.06.2025,https://www.stjornarradid.is/gogn/urskurdir-og-alit-/stakur-urskurdur/?newsid=4277f674-5345-11f0-b892-005056bcde1f&cname=Mannanafnanefnd&cid=e219adf8-4214-11e7-941a-005056bc530c
3675,sessilía,ST,Sam,04.03.2006,
4886,sezar,DR,Haf,02.09.2019,
5816,siddý,ST,Sam,24.01.2024,https://www.stjornarradid.is/gogn/urskurdir-og-alit-/stakur-urskurdur/?newsid=c1f04b40-bea7-11ee-b881-005056bcde1f&cname=Mannanafnanefnd&cid=e219adf8-4214-11e7-941a-005056bc530c
3976,sidney,ST,Haf,23.09.2009,
3053,sif,ST,Sam,,
8369,sifjar,DR,Sam,29.05.2026,
4347,sig,MI,Sam,29.07.2013,
4837,sigarr,DR,Sam,01.03.2019,
1151,sigbergur,DR,Sam,,
1152,sigbert,DR,Sam,,
1153,sigbjartur,DR,Sam,,
1154,sigbjörn,DR,Sam,,
3054,sigdís,ST,Sam,,
1155,sigdór,DR,Sam,,
3055,sigdóra,ST,Sam,,
1156,sigfastur,DR,Sam,,
1157,sigfinnur,DR,Sam,,
1158,sigfreður,DR,Sam,,
3056,sigfríð,ST,Sam,,
3057,sigfríður,ST,Sam,,
1159,sigfús,DR,Sam,,
3058,sigga,ST,Sam,,
1160,siggeir,DR,Sam,,
3059,siggerður,ST,Sam,,
4921,siggi,DR,Sam,11.12.2019,
1161,sighvatur,DR,Sam,,
1162,sigjón,DR,Sam,,
1163,siglaugur,DR,Sam,,
1164,sigmann,DR,Sam,,
1165,sigmar,DR,Sam,,
3060,sigmunda,ST,Sam,,
1166,sigmundur,DR,Sam,,
3061,signa,ST,Sam,,
1167,signar,DR,Sam,,
3062,signhildur,ST,Sam,,
3063,signý,ST,Sam,,
4305,sigri,DR,Sam,09.01.2013,
4386,sigrid,ST,Sam,10.2.2014,
1168,sigríkur,DR,Sam,,
3064,sigríður,ST,Sam,,
4747,sigríður,DR,Haf,22.05.2018,
4964,sigríðurjóna,ST,Haf,19.05.2020,
3065,sigrún,ST,Sam,,
1169,sigsteinn,DR,Sam,,
1170,sigtryggur,DR,Sam,,
1171,sigtýr,DR,Sam,,
3538,sigur,DR,Sam,19.08.2004,
1172,sigurbaldur,DR,Sam,,
1173,sigurberg,DR,Sam,,
1174,sigurbergur,DR,Sam,,
3069,sigurbirna,ST,Sam,,
1175,sigurbjarni,DR,Sam,,
1176,sigurbjartur,DR,Sam,,
3070,sigurbjörg,ST,Sam,,
1177,sigurbjörn,DR,Sam,,
3071,sigurbjört,ST,Sam,,
5446,sigurbogi,DR,Sam,30.11.2022,https://www.stjornarradid.is/gogn/urskurdir-og-alit-/stakur-urskurdur/?newsid=847be825-7afa-11ed-9bb3-005056bc4727&cname=Mannanafnanefnd&cid=e219adf8-4214-11e7-941a-005056bc530c
3072,sigurborg,ST,Sam,,
1178,sigurbrandur,DR,Sam,,
3068,sigurbára,ST,Sam,,
3075,sigurdríf,ST,Sam,,
3076,sigurdrífa,ST,Sam,,
3073,sigurdís,ST,Sam,,
1179,sigurdór,DR,Sam,,
3074,sigurdóra,ST,Sam,,
3078,sigurey,ST,Sam,,
3079,sigurfinna,ST,Sam,,
1181,sigurfinnur,DR,Sam,,
3080,sigurfljóð,ST,Sam,,
1182,sigurgeir,DR,Sam,,
3081,sigurgeira,ST,Sam,,
1183,sigurgestur,DR,Sam,,
1185,sigurgrímur,DR,Sam,,
1184,sigurgísli,DR,Sam,,
3082,sigurhanna,ST,Sam,,
1186,sigurhans,DR,Sam,,
3083,sigurhelga,ST,Sam,,
3084,sigurhildur,ST,Sam,,
1187,sigurhjörtur,DR,Sam,,
1612,sigurhólm,MI,Sam,,
5411,sigurhörður,DR,Sam,10.08.2022,
1188,sigurjón,DR,Sam,,
3085,sigurjóna,ST,Sam,,
1189,sigurkarl,DR,Sam,,
3086,sigurlaug,ST,Sam,,
1190,sigurlaugur,DR,Sam,,
3087,sigurleif,ST,Sam,,
1192,sigurleifur,DR,Sam,,
3088,sigurlilja,ST,Sam,,
3089,sigurlinn,ST,Sam,,
1194,sigurlinni,DR,Sam,,
1193,sigurliði,DR,Sam,,
4361,sigurlogi,DR,Sam,16.10.2013,
1191,sigurlás,DR,Sam,,
3090,sigurlín,ST,Sam,,
3091,sigurlína,ST,Sam,,
1195,sigurmann,DR,Sam,,
1196,sigurmar,DR,Sam,,
1197,sigurmon,DR,Sam,,
3092,sigurmunda,ST,Sam,,
1198,sigurmundur,DR,Sam,,
5518,sigurmáni,DR,Sam,09.03.2023,https://www.stjornarradid.is/gogn/urskurdir-og-alit-/stakur-urskurdur/?newsid=32f5b5c1-bf2a-11ed-9bb7-005056bc4727&cname=Mannanafnanefnd&cid=e219adf8-4214-11e7-941a-005056bc530c
3093,sigurnanna,ST,Sam,,
1199,sigurnýas,DR,Sam,,
1673,sigurnýjas,RDR,Sam,,
1200,siguroddur,DR,Sam,,
1202,sigurpáll,DR,Sam,,
3095,sigurrós,ST,Sam,,
3096,sigursteina,ST,Sam,,
1203,sigursteinn,DR,Sam,,
1204,sigursveinn,DR,Sam,,
3097,sigurunn,ST,Sam,,
1205,sigurvaldi,DR,Sam,,
3098,sigurveig,ST,Sam,,
1206,sigurvin,DR,Sam,,
3099,sigurvina,ST,Sam,,
3066,sigurást,ST,Sam,,
3067,sigurásta,ST,Sam,,
3077,sigurða,ST,Sam,,
1180,sigurður,DR,Sam,,
4139,sigurðz,DR,Haf,18.5.2011,
1201,siguróli,DR,Sam,,
3094,sigurósk,ST,Sam,,
4501,sigurörn,DR,Sam,04.06.2015,
1207,sigurþór,DR,Sam,,
3100,sigurþóra,ST,Sam,,
4364,sigvalda,ST,Sam,16.10.2013,
1208,sigvaldi,DR,Sam,,
4947,sigvard,RDR,Sam,20.02.2020,
1209,sigvarður,DR,Sam,,
3101,sigyn,ST,Sam,,
3103,sigþrúður,ST,Sam,,
1210,sigþór,DR,Sam,,
3102,sigþóra,ST,Sam,,
3104,silfa,ST,Sam,,
4571,silfra,ST,Sam,01.04.2016,
3106,silfrún,ST,Sam,,
4602,silfur,ST,Sam,24.06.2016,
7318,silfurregn,KH,Sam,13.08.2025,https://www.stjornarradid.is/gogn/urskurdir-og-alit-/stakur-urskurdur/?newsid=ecf8508d-79b4-11f0-b894-005056bcde1f&cname=Mannanafnanefnd&cid=e219adf8-4214-11e7-941a-005056bc530c
3105,silfá,ST,Sam,,
3107,silja,ST,Sam,,
3108,silka,ST,Sam,,
3641,silla,ST,Sam,15.09.2005,
4219,silli,DR,Sam,22.12.2011,
1760,silva,RST,Sam,,
3109,silvana,ST,Sam,,
3110,silvía,ST,Sam,,
1211,sindri,DR,Sam,,
3997,sirra,ST,Sam,08.07.2009,
5419,sirrey,ST,Sam,05.09.2022,
4406,sirrí,ST,Sam,03.04.2014,
3111,sirrý,ST,Sam,,
5030,sirí,ST,Sam,19.10.2020,
6411,sisa,ST,Sam,16.09.2024,https://www.stjornarradid.is/gogn/urskurdir-og-alit-/stakur-urskurdur/?newsid=66f0e11f-75c7-11ef-b888-005056bcde1f&cname=Mannanafnanefnd&cid=e219adf8-4214-11e7-941a-005056bc530c
4547,sissa,ST,Sam,27.11.2015,
1699,siv,RST,Haf,29.12.2006,
3758,siv,ST,Haf,29.12.2006,
4221,siv,ST,Sam,1.2.2012,
4472,sivía,ST,Sam,19.1.2015,
1216,sjafnar,DR,Sam,,
4737,sjafnar,MI,Haf,06.04.2018,
4348,sjana,ST,Sam,29.07.2013,
3116,sjöfn,ST,Sam,,
5882,skaftfeld,MI,Sam,07.03.2024,https://www.stjornarradid.is/gogn/urskurdir-og-alit-/stakur-urskurdur/?newsid=8d9b69bf-e1f1-11ee-b883-005056bcde1f&cname=Mannanafnanefnd&cid=e219adf8-4214-11e7-941a-005056bc530c
1217,skafti,DR,Sam,,
3963,skagalín,MI,Sam,17.12.2009,
3867,skagan,MI,Haf,02.01.2009,
3411,skagfjörð,MI,Haf,,
3894,skallagrímur,DR,Haf,17.12.2008 - sératkvæ,
1674,skapti,RDR,Sam,,
3117,skarpheiður,ST,Sam,,
1218,skarphéðinn,DR,Sam,,
4548,skaði,ST,Sam,17.12.2015,
1219,skefill,DR,Sam,,
1220,skeggi,DR,Sam,,
4334,skellir,DR,Sam,16.08.2013,
5365,skipstað,MI,Sam,25.05.2022,
4626,skjaldmey,ST,Sam,14.10.2016,
4454,skjöld,MI,Sam,,
1223,skjöldur,DR,Sam,,
1224,skorri,DR,Sam,,
4385,skröggur,DR,Sam,10.2.2014,
4828,skrýmir,DR,Sam,19.02.2019,
3828,skugga,ST,Sam,31.07.2008,
3490,skuggi,DR,Sam,11.03.2004,
3487,skuld,ST,Sam,12.02.2004,
7319,sky,KH,Sam,13.08.2024,
5124,skylar,KH,Sam,06.08.2021,https://www.stjornarradid.is/gogn/urskurdir-og-alit-/stakur-urskurdur/?newsid=85521884-019d-11ec-813f-005056bc8c60&cname=Mannanafnanefnd&cid=e219adf8-4214-11e7-941a-005056bc530c
3807,skær,DR,Sam,23.04.2008,
1227,skæringur,DR,Sam,,
1222,skírnir,DR,Sam,,
1613,skíðdal,MI,Sam,,
1221,skíði,DR,Sam,,
8695,skógur,DR,Sam,08.09.2026,
5206,skúa,ST,Sam,12.10.2021,
3118,skúla,ST,Sam,,
1225,skúli,DR,Sam,,
3119,skúlína,ST,Sam,,
5162,skúmur,DR,Sam,09.09.2021,
1226,skúta,DR,Sam,,
1229,smiður,DR,Sam,,
1230,smyrill,DR,Sam,,
1228,smári,DR,Sam,,
5864,smíta,ST,Sam,07.03.2024,https://www.stjornarradid.is/gogn/urskurdir-og-alit-/stakur-urskurdur/?newsid=da924e2f-e1ef-11ee-b883-005056bcde1f&cname=Mannanafnanefnd&cid=e219adf8-4214-11e7-941a-005056bc530c
4623,snekkja,ST,Sam,14.10.2016,
3120,snjáfríður,ST,Sam,,
3907,snjáka,ST,Sam,17.12.2008,
3121,snjófríður,ST,Sam,,
7361,snjókaldur,DR,Sam,20.08.2025,https://www.stjornarradid.is/gogn/urskurdir-og-alit-/stakur-urskurdur/?newsid=596074c6-828f-11f0-b894-005056bcde1f&cname=Mannanafnanefnd&cid=e219adf8-4214-11e7-941a-005056bc530c
3960,snjóki,DR,Sam,17.12.2009,
3122,snjólaug,ST,Sam,,
1231,snjólaugur,DR,Sam,,
1232,snjólfur,DR,Sam,,
8405,snjór,DR,Sam,29.05.2026,
3123,snorra,ST,Sam,,
1233,snorri,DR,Sam,,
5165,snæ,KH,Sam,09.09.2021,
1614,snæberg,MI,Sam,,
3825,snæbjartur,DR,Sam,28.07.2008,
3125,snæbjörg,ST,Sam,,
7020,snæbjörk,ST,Sam,07.04.2025,
1234,snæbjörn,DR,Sam,,
3126,snæbjört,ST,Sam,,
3127,snæborg,ST,Sam,,
3128,snæbrá,ST,Sam,,
3954,snædahl,MI,Sam,17.12.2009,
3129,snædís,ST,Sam,,
5877,snæfellsjökuls,ST,Haf,13.03.2024,https://www.stjornarradid.is/gogn/urskurdir-og-alit-/stakur-urskurdur/?newsid=2899a0d5-e1f1-11ee-b883-005056bcde1f&cname=Mannanafnanefnd&cid=e219adf8-4214-11e7-941a-005056bc530c
5878,snæfellsjökuls,MI,Sam,13.03.20024,https://www.stjornarradid.is/gogn/urskurdir-og-alit-/stakur-urskurdur/?newsid=2899a0d5-e1f1-11ee-b883-005056bcde1f&cname=Mannanafnanefnd&cid=e219adf8-4214-11e7-941a-005056bc530c
5398,snæfrost,KH,Sam,10.08.2022,
4656,snæfríð,ST,Sam,17.03.2017,
3130,snæfríður,ST,Sam,,
1235,snæhólm,DR,Sam,,
3131,snælaug,ST,Sam,,
1236,snælaugur,DR,Sam,,
1237,snær,DR,Sam,,
3587,snæringur,DR,Sam,15.04.2005,
3132,snærós,ST,Sam,,
3133,snærún,ST,Sam,,
4846,snæsól,ST,Sam,24.04.2019,
1238,snævar,DR,Sam,,
3531,snævarr,DR,Sam,23.06.2004,
1239,snæþór,DR,Sam,,
3124,snót,ST,Sam,,
1240,soffanías,DR,Sam,,
3134,soffía,ST,Sam,,
5009,sofia,RST,Sam,21.09.2020,
3823,sofie,RST,Sam,28.07.2008,
3135,sofía,ST,Sam,,
1761,solveig,RST,Sam,,
3136,sonja,ST,Sam,,
5464,sonny,DR,Sam,05.01.2023,https://www.stjornarradid.is/gogn/urskurdir-og-alit-/stakur-urskurdur/?newsid=f65f422e-9346-11ed-9bb4-005056bc4727&cname=Mannanafnanefnd&cid=e219adf8-4214-11e7-941a-005056bc530c
3513,sonný,ST,Sam,28.05.2004,
4627,sonya,ST,Haf,14.10.2016,
1675,sophanías,RDR,Sam,,
3678,sophia,ST,Sam,29.03.2006,
4173,sophie,ST,Sam,15.7.2011,
1241,sophus,DR,Sam,,
5073,soren,DR,Sam,24.02.2021,
5044,sotti,DR,Sam,24.11.2020,
3606,spartacus,DR,Haf,30.05.2005,
3607,spartakus,DR,Sam,30.05.2005,
3801,sporði,DR,Sam,23.04.2008,
5371,sprettur,DR,Sam,24.05.2022,
3939,spói,DR,Sam,14.04.2009,
1254,stanley,DR,Sam,,
4117,stapi,DR,Sam,9.2.2011,
7240,star,ST,Sam,24.06.2025,https://www.stjornarradid.is/gogn/urskurdir-og-alit-/stakur-urskurdur/?newsid=351d4ffb-5344-11f0-b892-005056bcde1f&cname=Mannanafnanefnd&cid=e219adf8-4214-11e7-941a-005056bc530c
3493,stardal,MI,Sam,11.03.2004,
5817,stari,DR,Sam,24.01.2024,https://www.stjornarradid.is/gogn/urskurdir-og-alit-/stakur-urskurdur/?newsid=8a6fbf7d-bea7-11ee-b881-005056bcde1f&cname=Mannanafnanefnd&cid=e219adf8-4214-11e7-941a-005056bc530c
1255,starkaður,DR,Sam,,
4739,starr,MI,Sam,18.04.2018,
1256,starri,DR,Sam,,
4528,stasía,ST,Sam,28.08.2015,
1676,stefan,RDR,Sam,,
3916,stefana,ST,Sam,17.12.2008,
1821,stefanie,ST,Haf,,
3155,stefanía,ST,Sam,,
1258,stefnir,DR,Sam,,
1257,stefán,DR,Sam,,
3156,stefánný,ST,Sam,,
1616,stein,MI,Sam,,
3157,steina,ST,Sam,,
1259,steinar,DR,Sam,,
1260,steinarr,DR,Sam,,
3476,steinbekk,MI,Sam,18.12.2003,
1261,steinberg,DR,Sam,,
1617,steinberg,MI,Sam,,
1262,steinbergur,DR,Sam,,
3158,steinbjörg,ST,Sam,,
1263,steinbjörn,DR,Sam,,
4975,steinbogi,DR,Sam,22.06.2020,
3159,steinborg,ST,Sam,,
3160,steindís,ST,Sam,,
1264,steindór,DR,Sam,,
3161,steindóra,ST,Sam,,
3162,steiney,ST,Sam,,
1265,steinfinnur,DR,Sam,,
3163,steinfríður,ST,Sam,,
3164,steingerður,ST,Sam,,
1266,steingrímur,DR,Sam,,
3165,steinhildur,ST,Sam,,
4793,steinhólm,MI,Sam,16.10.2018,
3442,steini,DR,Sam,,
1267,steinkell,DR,Sam,,
3166,steinlaug,ST,Sam,,
1268,steinmann,DR,Sam,,
1269,steinmar,DR,Sam,,
1270,steinmóður,DR,Sam,,
1271,steinn,DR,Sam,,
3167,steinrós,ST,Sam,,
1273,steinröður,DR,Sam,,
3168,steinrún,ST,Sam,,
3169,steinunn,ST,Sam,,
1274,steinvarður,DR,Sam,,
3170,steinvör,ST,Sam,,
1272,steinólfur,DR,Sam,,
1275,steinþór,DR,Sam,,
3171,steinþóra,ST,Sam,,
3172,stella,ST,Sam,,
3450,stephan,DR,Haf,,
4645,steðji,DR,Sam,30.01.2017,
5376,stinne,ST,Sam,25.05.2022,
5613,stirni,KH,Sam,17.07.2023,https://www.stjornarradid.is/gogn/urskurdir-og-alit-/stakur-urskurdur/?newsid=af7dc0e9-2af4-11ee-9bbc-005056bc4727&cname=Mannanafnanefnd&cid=e219adf8-4214-11e7-941a-005056bc530c
1276,stirnir,DR,Sam,,
3175,stjarna,ST,Sam,,
4399,stjarney,ST,Sam,13.03.2014,
3427,storm,MI,Sam,,
6848,stormar,DR,Sam,20.02.2025,https://www.stjornarradid.is/gogn/urskurdir-og-alit-/stakur-urskurdur/?newsid=df9aee18-f05c-11ef-b88e-005056bcde1f&cname=Mannanafnanefnd&cid=e219adf8-4214-11e7-941a-005056bc530c
4949,stormey,ST,Sam,20.02.2020,
1278,stormur,DR,Sam,,
1618,straumberg,MI,Sam,,
5588,straumur,DR,Sam,07.06.2023,https://www.stjornarradid.is/gogn/urskurdir-og-alit-/stakur-urskurdur/?newsid=fc744077-14e9-11ee-9bbb-005056bc4727&cname=Mannanafnanefnd&cid=e219adf8-4214-11e7-941a-005056bc530c
5184,street,MI,Haf,12.10.2021,
5785,strympa,ST,Sam,06.12.2023,https://www.stjornarradid.is/gogn/urskurdir-og-alit-/stakur-urskurdur/?newsid=32a27cba-94ec-11ee-b87f-005056bcde1f&cname=Mannanafnanefnd&cid=e219adf8-4214-11e7-941a-005056bc530c
4728,strömfjörð,MI,Haf,20.03.2018,
1280,sturla,DR,Sam,,
1281,sturlaugur,DR,Sam,,
3924,sturri,DR,Sam,16.05.2009,
1282,styr,DR,Sam,,
1283,styrbjörn,DR,Sam,,
3176,styrgerður,ST,Sam,,
7820,styrkur,DR,Sam,20.01.2026,https://www.stjornarradid.is/gogn/urskurdir-og-alit-/stakur-urskurdur/?newsid=2a04c598-f6cb-11f0-b899-005056bcde1f&cname=Mannanafnanefnd&cid=e219adf8-4214-11e7-941a-005056bc530c
1284,styrkár,DR,Sam,,
1285,styrmir,DR,Sam,,
3808,styrr,DR,Haf,15.05.2008,
3809,styrr,RDR,Sam,22.08.2008,
3173,stígheiður,ST,Sam,,
3174,stígrún,ST,Sam,,
1277,stígur,DR,Sam,,
3564,stína,ST,Sam,28.12.2004,
1279,stórólfur,DR,Sam,,
4838,sukki,DR,Haf,25.03.2019,
5579,sumar,KH,Sam,07.06.2023,https://www.stjornarradid.is/gogn/urskurdir-og-alit-/stakur-urskurdur/?newsid=4491168e-14e6-11ee-9bbb-005056bc4727&cname=Mannanafnanefnd&cid=e219adf8-4214-11e7-941a-005056bc530c
1286,sumarliði,DR,Sam,,
4764,sumarlín,ST,Sam,14.08.2018,
3177,sumarlína,ST,Sam,,
3178,sumarrós,ST,Sam,,
3179,sunna,ST,Sam,,
3180,sunnefa,ST,Sam,,
1762,sunneva,RST,Sam,,
7990,sunney,ST,Sam,16.03.2026,https://www.stjornarradid.is/gogn/urskurdir-og-alit-/stakur-urskurdur/?newsid=4a22b1ab-2851-11f1-b89c-005056bcde1f&cname=Mannanafnanefnd&cid=e219adf8-4214-11e7-941a-005056bc530c
3181,sunniva,ST,Sam,,
3182,sunníva,ST,Sam,,
3561,susan,ST,Sam,28.12.2004,
4573,susie,ST,Sam,01.04.2016,
1763,svafa,RST,Sam,,
1677,svafar,RDR,Sam,,
3184,svala,ST,Sam,,
1287,svali,DR,Sam,,
3185,svalrún,ST,Sam,,
5172,svalur,DR,Sam,09.09.2021,
1288,svan,DR,Sam,,
3515,svan,MI,Haf,28.05.2004,
3186,svana,ST,Sam,,
1289,svanberg,DR,Sam,,
1290,svanbergur,DR,Sam,,
3187,svanbjörg,ST,Sam,,
1291,svanbjörn,DR,Sam,,
3188,svanbjört,ST,Sam,,
3189,svanborg,ST,Sam,,
3190,svandís,ST,Sam,,
4085,svaney,ST,Sam,08.09.2010,
3191,svanfríður,ST,Sam,,
1292,svangeir,DR,Sam,,
3192,svanheiður,ST,Sam,,
4293,svanhild,MI,Sam,20.11.2012,
4294,svanhild,ST,Haf,20.11.2012,
3193,svanhildur,ST,Sam,,
3194,svanhvít,ST,Sam,,
1293,svanhólm,DR,Sam,,
3709,svani,DR,Sam,31.08.2006,
3195,svanlaug,ST,Sam,,
1294,svanlaugur,DR,Sam,,
1295,svanmundur,DR,Sam,,
3196,svanrós,ST,Sam,,
1296,svanur,DR,Sam,,
4989,svaný,ST,Sam,17.08.2020,
3197,svanþrúður,ST,Sam,,
1297,svanþór,DR,Sam,,
1619,svarfdal,MI,Sam,,
5131,svarthöfði,DR,Sam,11.08.2021,https://www.stjornarradid.is/gogn/urskurdir-og-alit-/stakur-urskurdur/?newsid=e50bee25-019e-11ec-813f-005056bc8c60&cname=Mannanafnanefnd&cid=e219adf8-4214-11e7-941a-005056bc530c
3198,svava,ST,Sam,,
1298,svavar,DR,Sam,,
3772,svea,ST,Sam,14.11.2006,
3199,sveina,ST,Sam,,
3885,sveinar,DR,Sam,27.02.2009,
1300,sveinberg,DR,Sam,,
3964,sveinbjartur,DR,Sam,17.12.2009,
3200,sveinbjörg,ST,Sam,,
1301,sveinbjörn,DR,Sam,,
3201,sveinborg,ST,Sam,,
3202,sveindís,ST,Sam,,
3203,sveiney,ST,Sam,,
3204,sveinfríður,ST,Sam,,
3205,sveingerður,ST,Sam,,
3206,sveinhildur,ST,Sam,,
1302,sveinjón,DR,Sam,,
3207,sveinlaug,ST,Sam,,
1303,sveinlaugur,DR,Sam,,
1304,sveinmar,DR,Sam,,
1305,sveinn,DR,Sam,,
4439,sveinnóli,DR,Haf,3.10.2014,
3208,sveinrós,ST,Sam,,
3209,sveinrún,ST,Sam,,
3210,sveinsína,ST,Sam,,
1306,sveinungi,DR,Sam,,
3211,sveinveig,ST,Sam,,
1307,sveinþór,DR,Sam,,
37,sven,DR,Haf,23.03.2005,
4015,svend,RDR,Sam,17.09.2009,
3437,sverre,DR,Sam,06.02.2009,
1308,sverrir,DR,Sam,,
5167,sverð,KH,Sam,09.09.2021,
1299,sváfnir,DR,Sam,,
4765,svæk,MI,Sam,14.08.2018,
1309,svölnir,DR,Sam,,
3565,svörfuður,DR,Sam,28.12.2004,
4578,swanhildur,ST,Haf,06.05.2016,
1822,sybilla,ST,Haf,,
3977,sydney,ST,Haf,23.09.2009,
3212,sylgja,ST,Sam,,
4041,sylva,ST,Sam,15.04.2010,
4502,sylvia,ST,Sam,04.06.2015,
1764,sylvía,RST,Sam,,
4841,systa,ST,Sam,25.03.2019,
4771,sál,ST,Sam,14.08.2018,
5944,sæ,MI,Sam,16.04.2024,https://www.stjornarradid.is/gogn/urskurdir-og-alit-/stakur-urskurdur/?newsid=75b69d88-fd5e-11ee-b883-005056bcde1f&cname=Mannanafnanefnd&cid=e219adf8-4214-11e7-941a-005056bc530c
1311,sæberg,DR,Sam,,
1312,sæbergur,DR,Sam,,
4473,sæbjartur,DR,Sam,19.1.2015,
3213,sæbjörg,ST,Sam,,
1313,sæbjörn,DR,Sam,,
3214,sæbjört,ST,Sam,,
3215,sæborg,ST,Sam,,
4378,sæbrá,ST,Sam,19.12.2013,
3413,sæby,MI,Haf,,
1620,sædal,MI,Sam,,
3216,sædís,ST,Sam,,
5114,sædóra,ST,Sam,25.03.2021,https://www.stjornarradid.is/gogn/urskurdir-og-alit-/stakur-urskurdur/?newsid=2ed28979-9b90-11eb-8134-005056bc8c60&cname=Mannanafnanefnd&cid=e219adf8-4214-11e7-941a-005056bc530c
3217,sæfinna,ST,Sam,,
3218,sæfríður,ST,Sam,,
3219,sæhildur,ST,Sam,,
4212,sæi,DR,Sam,22.12.2011,
4535,sæla,ST,Sam,30.09.2015,
3220,sælaug,ST,Sam,,
1314,sælaugur,DR,Sam,,
5156,sæm,MI,Sam,09.09.2021,
1315,sæmann,DR,Sam,,
4588,sæmar,DR,Sam,06.05.2016,
5360,sæmey,ST,Sam,24.05.2022,
4388,sæmi,DR,Sam,10.2.2014,
3221,sæmunda,ST,Sam,,
1316,sæmundur,DR,Sam,,
3222,sæný,ST,Sam,,
1317,sær,DR,Sam,,
3223,særós,ST,Sam,,
3224,særún,ST,Sam,,
3225,sæsól,ST,Sam,,
3226,sæunn,ST,Sam,,
38,sævald,DR,Sam,,
1318,sævaldur,DR,Sam,,
1319,sævar,DR,Sam,,
39,sævarr,RDR,Sam,25.05.2006,
3591,sævarr,MI,Haf,15.04.2005,
1320,sævin,DR,Sam,,
3227,sævör,ST,Sam,,
1321,sæþór,DR,Sam,,
3112,sía,ST,Sam,,
1212,símon,DR,Sam,,
4468,símona,ST,Sam,22.12.2014,
3113,símonía,ST,Sam,,
1213,sírnir,DR,Sam,,
1214,sírus,DR,Sam,,
3114,sísí,ST,Sam,,
3115,síta,ST,Sam,,
1215,sívar,DR,Sam,,
1243,sófus,DR,Sam,,
5040,sófía,RST,Sam,24.11.2020,
1242,sófónías,DR,Sam,,
4927,sófús,RDR,Sam,11.12.2019,
3705,sókrates,DR,Sam,31.08.2006,
3137,sól,ST,Sam,,
3138,sóla,ST,Sam,,
1615,sólan,MI,Sam,,
5424,sólar,DR,Sam,05.09.2022,
5068,sólarr,DR,Sam,24.02.2021,
1244,sólberg,DR,Sam,,
1245,sólbergur,DR,Sam,,
1246,sólbjartur,DR,Sam,,
3139,sólbjörg,ST,Sam,,
1247,sólbjörn,DR,Sam,,
3140,sólbjört,ST,Sam,,
3141,sólborg,ST,Sam,,
3142,sólbrá,ST,Sam,,
5459,sólbráð,ST,Sam,05.01.2023,https://www.stjornarradid.is/gogn/urskurdir-og-alit-/stakur-urskurdur/?newsid=25add930-934c-11ed-9bb4-005056bc4727&cname=Mannanafnanefnd&cid=e219adf8-4214-11e7-941a-005056bc530c
3143,sólbrún,ST,Sam,,
3144,sóldís,ST,Sam,,
3145,sóldögg,ST,Sam,,
3146,sóley,ST,Sam,,
3147,sólfríður,ST,Sam,,
3148,sólgerður,ST,Sam,,
5020,sólheiður,ST,Sam,30.09.2020,
3149,sólhildur,ST,Sam,,
4996,sólhrafn,DR,Sam,17.08.2020,
1248,sólimann,DR,Sam,,
3412,sólimann,MI,Haf,,
3578,sólkatla,ST,Sam,18.03.2005,
3150,sóllilja,ST,Sam,,
1249,sólmar,DR,Sam,,
1250,sólmundur,DR,Sam,,
5422,sólmyrkvi,DR,Sam,05.09.2022,https://www.stjornarradid.is/gogn/urskurdir-og-alit-/stakur-urskurdur/?newsid=0fe25d97-2f60-11ed-9bb0-005056bc4727&cname=Mannanafnanefnd&cid=e219adf8-4214-11e7-941a-005056bc530c
5281,sólmáni,DR,Sam,13.01.2022,
3151,sólný,ST,Sam,,
1251,sólon,DR,Sam,,
3744,sólrós,ST,Sam,20.07.2007,
3152,sólrún,ST,Sam,,
4998,sólskríkja,ST,Sam,17.08.2020,
5539,sólsteinn,DR,Sam,30.03.2023,https://www.stjornarradid.is/gogn/urskurdir-og-alit-/stakur-urskurdur/?newsid=4cf47f7a-cfce-11ed-9bb8-005056bc4727&cname=Mannanafnanefnd&cid=e219adf8-4214-11e7-941a-005056bc530c
3153,sólveig,ST,Sam,,
1252,sólver,DR,Sam,,
1253,sólvin,DR,Sam,,
3154,sólvör,ST,Sam,,
8203,sólynja,ST,Sam,22.04.2026,
4216,sólín,ST,Sam,22.12.2011,
4722,sólúlfur,DR,Sam,26.01.2018,
3785,sónata,ST,Sam,23.01.2008,
1322,sölmundur,DR,Sam,,
3228,sölva,ST,Sam,,
1323,sölvar,DR,Sam,,
3229,sölvey,ST,Sam,,
1324,sölvi,DR,Sam,,
3230,sölvína,ST,Sam,,
1325,sören,DR,Sam,,
1326,sörli,DR,Sam,,
4994,súddi,DR,Sam,17.08.2020,
3658,súla,ST,Sam,21.12.2005,
4459,súlamít,ST,Sam,5.12.2014,
4128,súsan,ST,Sam,4.4.2011,
3183,súsanna,ST,Sam,,
1310,sýrus,DR,Sam,,
3231,tala,ST,Sam,,
5787,talia,ST,Haf,06.12.2023,https://www.stjornarradid.is/gogn/urskurdir-og-alit-/stakur-urskurdur/?newsid=e70277f1-94ec-11ee-b87f-005056bcde1f&cname=Mannanafnanefnd&cid=e219adf8-4214-11e7-941a-005056bc530c
5540,talitha,ST,Sam,04.05.2023,https://www.stjornarradid.is/gogn/urskurdir-og-alit-/stakur-urskurdur/?newsid=cef4f471-ee55-11ed-9bb9-005056bc4727&cname=Mannanafnanefnd&cid=e219adf8-4214-11e7-941a-005056bc530c
3232,talía,ST,Sam,,
3233,tamar,ST,Sam,,
3234,tamara,ST,Sam,,
4094,tamímí,MI,Haf,02.12.2010,
1327,tandri,DR,Sam,,
5358,tangi,DR,Sam,25.04.2022,
3512,tania,ST,Haf,28.05.2004,
4254,tanija,ST,Haf,16.05.2012,
3235,tanja,ST,Sam,,
3542,tanya,ST,Sam,19.08.2004,
3560,tanya,RST,Sam,16.11.2004,
3461,tanía,ST,Sam,18.12.2003,
3236,tara,ST,Sam,,
3906,tarfur,DR,Sam,17.12.2008,
4976,taríel,ST,Sam,22.06.2020,
4834,tarón,DR,Sam,19.02.2019,
5116,tatiana,ST,Haf,25.03.2021,https://www.stjornarradid.is/gogn/urskurdir-og-alit-/stakur-urskurdur/?newsid=486fe198-9b91-11eb-8134-005056bc8c60&cname=Mannanafnanefnd&cid=e219adf8-4214-11e7-941a-005056bc530c
5155,tatiana,ST,Sam,09.09.2021,
5118,tatjana,ST,Sam,25.03.2021,https://www.stjornarradid.is/gogn/urskurdir-og-alit-/stakur-urskurdur/?newsid=486fe198-9b91-11eb-8134-005056bc8c60&cname=Mannanafnanefnd&cid=e219adf8-4214-11e7-941a-005056bc530c
5117,tatyana,ST,Haf,25.03.2021,https://www.stjornarradid.is/gogn/urskurdir-og-alit-/stakur-urskurdur/?newsid=486fe198-9b91-11eb-8134-005056bc8c60&cname=Mannanafnanefnd&cid=e219adf8-4214-11e7-941a-005056bc530c
5720,tatía,ST,Sam,02.10.2023,https://www.stjornarradid.is/gogn/urskurdir-og-alit-/stakur-urskurdur/?newsid=0b66a636-61da-11ee-9bc0-005056bc4727&cname=Mannanafnanefnd&cid=e219adf8-4214-11e7-941a-005056bc530c
3237,tea,ST,Sam,,
3238,teitný,ST,Sam,,
1328,teitur,DR,Sam,,
3239,tekla,ST,Sam,,
5289,telekía,ST,Sam,26.01.2022,
3240,telma,ST,Sam,,
7538,tenchi,ST,Sam,07.10.2025,https://www.stjornarradid.is/gogn/urskurdir-og-alit-/stakur-urskurdur/?newsid=4380b5b4-a5e8-11f0-b896-005056bcde1f&cname=Mannanafnanefnd&cid=e219adf8-4214-11e7-941a-005056bc530c
7314,teodor,DR,Sam,13.08.2025,https://www.stjornarradid.is/gogn/urskurdir-og-alit-/stakur-urskurdur/?newsid=6dff914f-79b9-11f0-b894-005056bcde1f&cname=Mannanafnanefnd&cid=e219adf8-4214-11e7-941a-005056bc530c
3241,tera,ST,Sam,,
3242,teresa,ST,Sam,,
3243,teresía,ST,Sam,,
5224,tereza,ST,Sam,17.11.2021,
5883,terra,ST,Sam,13.03.2024,https://www.stjornarradid.is/gogn/urskurdir-og-alit-/stakur-urskurdur/?newsid=b2e09114-e1f2-11ee-b883-005056bcde1f&cname=Mannanafnanefnd&cid=e219adf8-4214-11e7-941a-005056bc530c
4965,teó,DR,Sam,19.05.2020,
4101,thalia,ST,Haf,22.12.2010,
5123,thalia,ST,Sam,06.08.2021,https://www.stjornarradid.is/gogn/urskurdir-og-alit-/stakur-urskurdur/?newsid=f1bf08c7-019c-11ec-813f-005056bc8c60&cname=Mannanafnanefnd&cid=e219adf8-4214-11e7-941a-005056bc530c
3868,thalía,ST,Haf,18.11.2016,
5268,thalía,ST,Sam,16.12.2021,
3244,thea,ST,Sam,,
4708,theadór,DR,Haf,24.11.2017,
5010,theadór,DR,Haf,21.09.2020,
5348,theadór,DR,Sam,25.04.2022,
7098,theadóra,ST,Sam,23.05.2025,https://www.stjornarradid.is/gogn/urskurdir-og-alit-/stakur-urskurdur/?newsid=bc9a6090-4c35-11f0-b892-005056bcde1f&cname=Mannanafnanefnd&cid=e219adf8-4214-11e7-941a-005056bc530c
1765,thelma,RST,Sam,,
4721,theo,DR,Haf,19.03.2020,
5070,theo,RDR,Sam,24.02.2021,
5029,theodor,RDR,Sam,19.10.2020,
1678,theodór,RDR,Sam,,
1766,theodóra,RST,Sam,,
3480,theophilus,DR,Haf,08.01.2004,
3532,theophilus,DR,Haf,23.06.2004,
1700,theresa,RST,Haf,,
3639,theresa,ST,Sam,15.09.2005,
3814,theó,DR,Haf,15.05.2008,
4934,theó,DR,Haf,14.01.2020,
5036,theó,RDR,Sam,28.10.2020,
1329,theódór,DR,Sam,,
3245,theódóra,ST,Sam,,
6987,thiago,DR,Sam,24.03.2025,https://www.stjornarradid.is/gogn/urskurdir-og-alit-/stakur-urskurdur/?newsid=63a9e252-0b02-11f0-b88f-005056bcde1f&cname=Mannanafnanefnd&cid=e219adf8-4214-11e7-941a-005056bc530c
1330,thomas,DR,Sam,,
1679,thor,RDR,Sam,,
4539,thor,MI,Haf,30.09.2015,
1331,thorberg,DR,Sam,,
4044,thorleif,DR,Haf,12.05.2010,
4895,thorsteinn,RDR,Sam,03.10.2019,
5189,thunderbird,MI,Haf,12.10.2021,
4839,thurid,ST,Haf,25.03.2019,
3754,thór,RDR,Sam,16.10.2008,
4621,tildra,ST,Sam,16.09.2016,
1823,timila,ST,Haf,,
3499,tindar,DR,Sam,06.04.2004,
3246,tindra,ST,Sam,,
1332,tindri,DR,Sam,,
1333,tindur,DR,Sam,,
4782,tindur,ST,Haf,20.09.2018,
3247,tinna,ST,Sam,,
1334,tinni,DR,Sam,,
3248,tirsa,ST,Sam,,
3874,tjaldur,DR,Sam,28.01.2009,
1338,tjörfi,DR,Sam,,
1680,tjörvi,RDR,Sam,,
4576,tobbi,DR,Sam,06.05.2016,
4001,toby,ST,Haf,08.07.2009,
5051,toby,ST,Haf,22.12.2020,
1339,tobías,DR,Sam,,
3251,todda,ST,Sam,,
4568,toddi,DR,Sam,04.03.2016,
6277,todor,DR,Sam,19.08.2024,https://www.stjornarradid.is/gogn/urskurdir-og-alit-/stakur-urskurdur/?newsid=7dca2ded-5fa2-11ef-b887-005056bcde1f&cname=Mannanafnanefnd&cid=e219adf8-4214-11e7-941a-005056bc530c
4963,toggi,DR,Sam,19.05.2020,
4286,tolli,DR,Sam,05.10.2012,
3794,tonni,DR,Sam,13.02.2008,
8303,toný,ST,Sam,27.05.2026,
7323,torben,DR,Sam,13.08.2025,https://www.stjornarradid.is/gogn/urskurdir-og-alit-/stakur-urskurdur/?newsid=0d13ec4d-79b8-11f0-b894-005056bcde1f&cname=Mannanafnanefnd&cid=e219adf8-4214-11e7-941a-005056bc530c
1767,torbjörg,RST,Sam,,
3252,torfey,ST,Sam,,
3253,torfheiður,ST,Sam,,
3254,torfhildur,ST,Sam,,
1340,torfi,DR,Sam,,
5682,trausta,ST,Sam,25.08.2023,https://www.stjornarradid.is/gogn/urskurdir-og-alit-/stakur-urskurdur/?newsid=9428971d-4719-11ee-9bbe-005056bc4727&cname=Mannanafnanefnd&cid=e219adf8-4214-11e7-941a-005056bc530c
1344,trausti,DR,Sam,,
3483,trevenen,MI,Haf,12.02.2004,
1345,tristan,DR,Sam,,
3698,tristana,ST,Sam,22.06.2006,
1346,trostan,DR,Sam,,
3257,tryggva,ST,Sam,,
40,tryggvason,DR,Haf,,
1348,tryggvi,DR,Sam,,
3258,tryggvína,ST,Sam,,
4209,trú,ST,Sam,8.12.2011,
1347,trúmann,DR,Sam,,
1349,tumas,DR,Sam,,
1350,tumi,DR,Sam,,
3669,twist,DR,Haf,27.02.2006,
3670,twist,MI,Haf,27.02.2006,
1351,tyrfingur,DR,Sam,,
4206,tía,ST,Sam,8.12.2011,
4500,tíalilja,ST,Sam,24.04.2015,
5053,tíberíus,DR,Sam,22.12.2020,
4482,tíbor,DR,Sam,20.2.2015,
3249,tíbrá,ST,Sam,,
3912,tími,DR,Sam,17.12.2008,
1335,tímon,DR,Sam,,
3586,tímoteus,RDR,Sam,18.03.2005,
1336,tímóteus,DR,Sam,,
3539,tímótheus,DR,Haf,19.08.2004,
3250,tína,ST,Sam,,
1337,tístran,DR,Sam,,
1341,tóbías,DR,Sam,,
4002,tóbý,ST,Sam,08.07.2009,
5052,tóbý,ST,Sam,22.12.2020,
4888,tófa,ST,Sam,02.09.2019,
4192,tói,DR,Sam,28.10.2011,
3255,tóka,ST,Sam,,
3666,tóki,DR,Sam,26.1.2006,
1342,tómas,DR,Sam,,
7778,tóní,KH,Sam,18.12.2025,https://www.stjornarradid.is/gogn/urskurdir-og-alit-/stakur-urskurdur/?newsid=59a21932-dce3-11f0-b898-005056bcde1f&cname=Mannanafnanefnd&cid=e219adf8-4214-11e7-941a-005056bc530c
1343,tór,DR,Sam,,
3256,tóta,ST,Sam,,
4733,tóti,DR,Sam,20.03.2018,
5862,tótla,ST,Sam,07.03.2024,https://www.stjornarradid.is/gogn/urskurdir-og-alit-/stakur-urskurdur/?newsid=543caf59-e1ef-11ee-b883-005056bcde1f&cname=Mannanafnanefnd&cid=e219adf8-4214-11e7-941a-005056bc530c
1352,týr,DR,Sam,,
3259,týra,ST,Sam,,
5401,týri,DR,Sam,10.08.2022,
1353,ubbi,DR,Sam,,
1354,uggi,DR,Sam,,
3260,ugla,ST,Sam,,
4569,ugluspegill,DR,Sam,01.04.2016,
3910,ulf,DR,Haf,17.12.2008,
5212,ullr,DR,Sam,17.11.2021,
4935,ullur,DR,Sam,14.01.2020,
1355,ulrich,DR,Sam,,
3261,una,ST,Sam,,
3262,undína,ST,Sam,,
1356,uni,DR,Sam,,
5885,universe,DR,Haf,13.03.2024,https://www.stjornarradid.is/gogn/urskurdir-og-alit-/stakur-urskurdur/?newsid=299136f7-e1f3-11ee-b883-005056bcde1f&cname=Mannanafnanefnd&cid=e219adf8-4214-11e7-941a-005056bc530c
8237,unn,MI,Sam,29.04.2026,
3263,unna,ST,Sam,,
1357,unnar,DR,Sam,,
3264,unnbjörg,ST,Sam,,
1358,unnbjörn,DR,Sam,,
3265,unndís,ST,Sam,,
1359,unndór,DR,Sam,,
1360,unnsteinn,DR,Sam,,
3266,unnur,ST,Sam,,
1361,unnþór,DR,Sam,,
4881,ursula,RST,Sam,02.09.2019,
1362,urðar,DR,Sam,,
3267,urður,ST,Sam,,
3837,uxi,DR,Sam,25.09.2008,
1371,vagn,DR,Sam,,
3448,vagna,ST,Sam,,
3277,vagnbjörg,ST,Sam,,
4180,vagnfríður,ST,Sam,12.8.2011,
3278,vaka,ST,Sam,,
4122,vakur,DR,Sam,úrskurður 02.03.2011,
1621,val,MI,Sam,,
3279,vala,ST,Sam,,
3928,valagils,MI,Sam,14.05.2009,
1372,valberg,DR,Sam,,
3644,valberg,MI,Haf,10.10.2005,
1373,valbergur,DR,Sam,,
3280,valbjörg,ST,Sam,,
3281,valbjörk,ST,Sam,,
1374,valbjörn,DR,Sam,,
3282,valbjört,ST,Sam,,
3283,valborg,ST,Sam,,
1375,valbrandur,DR,Sam,,
3622,vald,MI,Sam,10.08.2005,
1681,valdemar,RDR,Sam,,
3284,valdheiður,ST,Sam,,
1376,valdi,DR,Sam,,
1377,valdimar,DR,Sam,,
3285,valdís,ST,Sam,,
1378,valdór,DR,Sam,,
5255,valent,DR,Sam,16.12.2021,
1379,valentín,DR,Sam,,
3286,valentína,ST,Sam,,
1380,valentínus,DR,Sam,,
5679,valerí,ST,Sam,25.08.2023,https://www.stjornarradid.is/gogn/urskurdir-og-alit-/stakur-urskurdur/?newsid=000bc33e-471a-11ee-9bbe-005056bc4727&cname=Mannanafnanefnd&cid=e219adf8-4214-11e7-941a-005056bc530c
3287,valería,ST,Sam,,
3288,valey,ST,Sam,,
3289,valfríður,ST,Sam,,
3749,valgard,DR,Haf,28.04.2007,
1381,valgarð,DR,Sam,,
1382,valgarður,DR,Sam,,
1383,valgeir,DR,Sam,,
4316,valgerða,ST,Sam,22.03.2013,
3290,valgerður,ST,Sam,,
4418,valgý,ST,Sam,21.05.2014,
3291,valhildur,ST,Sam,,
7924,valjón,DR,Sam,11.03.2026,https://www.stjornarradid.is/gogn/urskurdir-og-alit-/stakur-urskurdur/?newsid=f48a2192-284f-11f1-b89c-005056bcde1f&cname=Mannanafnanefnd&cid=e219adf8-4214-11e7-941a-005056bc530c
3292,valka,ST,Sam,,
4534,valkyrja,ST,Sam,30.09.2015,
1385,vallaður,DR,Sam,,
3293,vallý,ST,Sam,,
1386,valmar,DR,Sam,,
1387,valmundur,DR,Sam,,
3294,valný,ST,Sam,,
3295,valrós,ST,Sam,,
3296,valrún,ST,Sam,,
1388,valsteinn,DR,Sam,,
1389,valter,DR,Sam,,
4840,valthor,DR,Haf,25.03.2019,
1390,valtýr,DR,Sam,,
1391,valur,DR,Sam,,
3297,valva,ST,Sam,,
1392,valves,DR,Sam,,
5470,valía,ST,Sam,05.01.2023,https://www.stjornarradid.is/gogn/urskurdir-og-alit-/stakur-urskurdur/?newsid=57210cf1-9347-11ed-9bb4-005056bc4727&cname=Mannanafnanefnd&cid=e219adf8-4214-11e7-941a-005056bc530c
1384,valíant,DR,Sam,,
3298,valý,ST,Sam,,
3299,valþrúður,ST,Sam,,
1393,valþór,DR,Sam,,
5432,vana,ST,Sam,07.10.2022,
5391,vanadís,ST,Sam,20.06.2022,
3300,vanda,ST,Sam,,
5823,vanja,ST,Sam,24.01.2024,https://www.stjornarradid.is/gogn/urskurdir-og-alit-/stakur-urskurdur/?newsid=27863c94-bea5-11ee-b881-005056bcde1f&cname=Mannanafnanefnd&cid=e219adf8-4214-11e7-941a-005056bc530c
4939,vanítas,DR,Haf,20.02.2020,
1394,varmar,DR,Sam,,
1622,varmdal,MI,Sam,,
4864,varmi,DR,Sam,22.07.2019,
4369,varða,ST,Sam,29.11.2013,
5201,varði,DR,Sam,12.10.2021,
1395,vatnar,DR,Sam,,
4868,vatneyr,MI,Sam,07.08.2019,
4859,vatneyringur,MI,Haf,22.05.2019,
4867,vatneyrr,MI,Haf,07.08.2019,
3787,vatnsfjörð,MI,Sam,23.01.2008,
3803,vattar,MI,Sam,23.04.2008,
4957,vattarnes,MI,Sam,21.04.2020,
1623,vattnes,MI,Sam,,
7242,vava,ST,Sam,24.06.2025,https://www.stjornarradid.is/gogn/urskurdir-og-alit-/stakur-urskurdur/?newsid=d680719c-5344-11f0-b892-005056bcde1f&cname=Mannanafnanefnd&cid=e219adf8-4214-11e7-941a-005056bc530c
5482,vega,ST,Sam,09.02.2023,https://www.stjornarradid.is/gogn/urskurdir-og-alit-/stakur-urskurdur/?newsid=200c592d-ab8e-11ed-9bb5-f992086adea7&cname=Mannanafnanefnd&cid=e219adf8-4214-11e7-941a-005056bc530c
3996,veig,ST,Sam,08.07.2009,
3301,veiga,ST,Sam,,
1396,veigar,DR,Sam,,
1397,veigur,DR,Sam,,
5069,venedía,ST,Sam,24.02.2021,
4329,venný,ST,Sam,05.07.2013,
3302,venus,ST,Sam,,
1398,ver,DR,Sam,,
3303,vera,ST,Sam,,
1399,vermundur,DR,Sam,,
1400,vernharð,DR,Sam,,
1401,vernharður,DR,Sam,,
1824,veronica,ST,Haf,23.04.2008,
4016,veronica,ST,Haf,04.02.2010,
5859,veronica,ST,Sam,07.03.2024,https://www.stjornarradid.is/gogn/urskurdir-og-alit-/stakur-urskurdur/?newsid=7b754e09-e1e7-11ee-b883-005056bcde1f&cname=Mannanafnanefnd&cid=e219adf8-4214-11e7-941a-005056bc530c
1768,veronika,RST,Sam,,
4614,veróna,ST,Sam,31.10.2005,
1769,verónika,RST,Sam,,
3304,veróníka,ST,Sam,,
5264,vest,MI,Sam,16.12.2021,
1402,vestar,DR,Sam,,
1403,vestmar,DR,Sam,,
6445,vestur,KH,Sam,21.10.2024,https://www.stjornarradid.is/gogn/urskurdir-og-alit-/stakur-urskurdur/?newsid=147bae63-9053-11ef-b889-005056bcde1f&cname=Mannanafnanefnd&cid=e219adf8-4214-11e7-941a-005056bc530c
6986,vetle,DR,Sam,24.03.2025,https://www.stjornarradid.is/gogn/urskurdir-og-alit-/stakur-urskurdur/?newsid=393b4564-0b02-11f0-b88f-005056bcde1f&cname=Mannanafnanefnd&cid=e219adf8-4214-11e7-941a-005056bc530c
3816,vetrarrós,ST,Sam,04.06.2008,
4827,vetrarsól,ST,Sam,05.02.2019,
5108,vetur,DR,Sam,25.03.2021,https://www.stjornarradid.is/gogn/urskurdir-og-alit-/stakur-urskurdur/?newsid=aae10170-9b82-11eb-8134-005056bc8c60&cname=Mannanafnanefnd&cid=e219adf8-4214-11e7-941a-005056bc530c
1404,veturliði,DR,Sam,,
8697,vex,ST,Sam,08.09.2026,
3865,vibeka,ST,Sam,13.02.2008,
3718,vibeke,ST,Haf,06.10.2006,
1825,viborg,ST,Haf,,
8196,viborg,DR,Haf,22.04.2026,
1682,victor,RDR,Sam,,
4670,victoria,ST,Sam,29.05.2017,
1770,victoría,RST,Sam,,
3311,vigdís,ST,Sam,,
1412,vigfús,DR,Sam,,
1413,viggó,DR,Sam,,
4458,viglín,ST,Sam,5.12.2014,
1414,vignir,DR,Sam,,
4021,vigný,ST,Sam,04.02.2010,
1415,vigri,DR,Sam,,
1416,vigtýr,DR,Sam,,
1417,vigur,DR,Sam,,
1418,vikar,DR,Sam,,
1419,viktor,DR,Sam,,
4043,viktoria,RST,Sam,12.05.2010,
3312,viktoría,ST,Sam,,
1420,vilberg,DR,Sam,,
4412,vilberg,MI,Haf,09.04.2014,
1421,vilbergur,DR,Sam,,
1422,vilbert,DR,Sam,,
3559,vilbjörn,DR,Sam,16.11.2004,
1423,vilbogi,DR,Sam,,
3313,vilborg,ST,Sam,,
1424,vilbrandur,DR,Sam,,
3314,vildís,ST,Sam,,
5747,vilfreð,DR,Sam,30.10.2023,https://www.stjornarradid.is/gogn/urskurdir-og-alit-/stakur-urskurdur/?newsid=1fad98cc-77cf-11ee-9bc1-005056bc4727&cname=Mannanafnanefnd&cid=e219adf8-4214-11e7-941a-005056bc530c
3315,vilfríður,ST,Sam,,
1425,vilgeir,DR,Sam,,
3316,vilgerður,ST,Sam,,
1426,vilhelm,DR,Sam,,
3317,vilhelmína,ST,Sam,,
1427,vilhjálmur,DR,Sam,,
4233,vili,DR,Sam,01.03.2012,
1428,viljar,DR,Sam,,
1429,vilji,DR,Sam,,
3318,villa,ST,Sam,,
3449,villi,DR,Sam,,
5267,villiam,DR,Sam,16.12.2021,
5305,villiblóm,KH,Sam,01.03.2022,
5185,villiljós,MI,Sam,12.10.2021,
4279,villimey,ST,Sam,13.09.2012,
3544,villy,DR,Haf,22.09.2004,
3319,vilma,ST,Sam,,
1430,vilmar,DR,Sam,,
1431,vilmundur,DR,Sam,,
3320,vilný,ST,Sam,,
5362,vin,DR,Sam,24.05.2022,
3321,vinbjörg,ST,Sam,,
41,vincent,DR,Sam,13.02.2008,
4402,vindar,DR,Sam,13.03.2014,
3891,vinjar,DR,Sam,10.10.2008,
3322,vinný,ST,Sam,,
4187,vinsý,ST,Sam,21.9.2011,
5275,viola,ST,Sam,13.01.2022,
5014,virgil,DR,Sam,21.09.2020,
1432,virgill,DR,Sam,,
3323,virginía,ST,Sam,,
8162,vitja,ST,Sam,22.04.2026,
4651,vivian,ST,Sam,09.02.2017,
1411,viðar,DR,Sam,,
5055,viðey,ST,Sam,19.01.2021,
1624,viðfjörð,MI,Sam,,
3310,viðja,ST,Sam,,
4476,viðjar,DR,Sam,21.01.2015,
3527,von,ST,Sam,08.07.2004,
4223,voney,ST,Sam,1.2.2012,
5160,vopna,ST,Sam,09.09.2021,
3856,vopnfjörð,MI,Sam,08.11.2007,
1441,vopni,DR,Sam,,
3328,vordís,ST,Sam,,
1442,vorm,DR,Sam,,
6439,vorsól,ST,Sam,21.10.2024,https://www.stjornarradid.is/gogn/urskurdir-og-alit-/stakur-urskurdur/?newsid=daf1f626-9054-11ef-b889-005056bcde1f&cname=Mannanafnanefnd&cid=e219adf8-4214-11e7-941a-005056bc530c
3549,váli,DR,Sam,22.09.2004,
8129,ván,ST,Sam,10.04.2026,
3676,vápni,DR,Sam,04.03.2006,
4201,vár,ST,Sam,06.9.2007,
7360,væringi,DR,Haf,20.08.2025,https://www.stjornarradid.is/gogn/urskurdir-og-alit-/stakur-urskurdur/?newsid=55c2e3c5-8290-11f0-b894-005056bcde1f&cname=Mannanafnanefnd&cid=e219adf8-4214-11e7-941a-005056bc530c
5781,værð,ST,Sam,06.12.2023,https://www.stjornarradid.is/gogn/urskurdir-og-alit-/stakur-urskurdur/?newsid=77c0e0b3-94ea-11ee-b87f-005056bcde1f&cname=Mannanafnanefnd&cid=e219adf8-4214-11e7-941a-005056bc530c
3305,vébjörg,ST,Sam,,
1405,vébjörn,DR,Sam,,
3306,védís,ST,Sam,,
1406,végeir,DR,Sam,,
3307,végerður,ST,Sam,,
1407,vékell,DR,Sam,,
3308,vélaug,ST,Sam,,
1408,vélaugur,DR,Sam,,
1409,vémundur,DR,Sam,,
3309,véný,ST,Sam,,
1410,vésteinn,DR,Sam,,
3324,víbekka,ST,Sam,,
1625,vídalín,MI,Sam,,
42,vídó,DR,Haf,,
3414,vídó,MI,Haf,,
3325,víf,ST,Sam,,
1435,vífill,DR,Sam,,
4320,vígberg,DR,Sam,16.05.2013,
3326,vígdögg,ST,Sam,,
3533,víggunnur,ST,Sam,19.08.2004,
1436,víglundur,DR,Sam,,
3501,vígmar,DR,Sam,06.04.2004,
1437,vígmundur,DR,Sam,,
1438,vígsteinn,DR,Sam,,
1439,vígþór,DR,Sam,,
4189,víking,DR,Haf,28.10.2011,
4190,víking,MI,Sam,28.10.2011,
4177,víkingr,DR,Haf,15.7.2011,
1440,víkingur,DR,Sam,,
3592,vísa,ST,Sam,15.04.2005,
1433,víðar,DR,Sam,,
1434,víðir,DR,Sam,,
3965,víóla,ST,Sam,17.12.2009,
3327,víóletta,ST,Sam,,
1443,vöggur,DR,Sam,,
4667,vök,ST,Sam,23.05.2017,
1444,völundur,DR,Sam,,
1445,vörður,DR,Sam,,
4079,vöttur,DR,Sam,17.08.2010,
5486,výrin,KH,Sam,09.02.2023,https://www.stjornarradid.is/gogn/urskurdir-og-alit-/stakur-urskurdur/?newsid=09508fa1-ab8f-11ed-9bb5-f992086adea7&cname=Mannanafnanefnd&cid=e219adf8-4214-11e7-941a-005056bc530c
1446,walter,DR,Sam,,
5145,welding,MI,Haf,11.08.2021,https://www.stjornarradid.is/gogn/urskurdir-og-alit-/stakur-urskurdur/?newsid=f0e74e3b-01ad-11ec-813f-005056bc8c60&cname=Mannanafnanefnd&cid=e219adf8-4214-11e7-941a-005056bc530c
43,werner,DR,Haf,15.04.2010,
4197,werner,DR,Sam,28.10.2011,
1683,wilhelm,RDR,Sam,,
1447,willard,DR,Sam,,
1448,william,DR,Sam,,
1449,willum,DR,Sam,,
4526,willy,DR,Sam,28.08.2015,
5229,winter,MI,Haf,23.11.2021,
5710,winter,ST,Sam,02.10.2023,https://www.stjornarradid.is/gogn/urskurdir-og-alit-/stakur-urskurdur/?newsid=c03b7d18-61dd-11ee-9bc0-005056bc4727&cname=Mannanafnanefnd&cid=e219adf8-4214-11e7-941a-005056bc530c
4288,x,MI,Haf,05.10.2012,
3703,xavier,DR,Haf,31.08.2006,
5465,xavier,DR,Sam,05.01.2023,https://www.stjornarradid.is/gogn/urskurdir-og-alit-/stakur-urskurdur/?newsid=82056c1c-934e-11ed-9bb4-005056bc4727&cname=Mannanafnanefnd&cid=e219adf8-4214-11e7-941a-005056bc530c
5443,xenia,ST,Sam,02.11.2022,
4234,xenía,ST,Haf,01.03.2012,
1826,yasmin,ST,Haf,,
5585,yggdrasil,KH,Sam,07.06.2023,https://www.stjornarradid.is/gogn/urskurdir-og-alit-/stakur-urskurdur/?newsid=561f9933-14e8-11ee-9bbb-005056bc4727&cname=Mannanafnanefnd&cid=e219adf8-4214-11e7-941a-005056bc530c
3329,ylfa,ST,Sam,,
4700,ylfingur,DR,Sam,27.10.2017,
3330,ylfur,ST,Sam,,
3331,ylja,ST,Sam,,
3478,ylur,DR,Sam,14.01.2004,
3332,ylva,ST,Sam,,
1450,ymir,DR,Sam,,
4942,ymur,DR,Sam,20.02.2020,
4876,ynda,ST,Sam,07.08.2019,
5546,yndís,ST,Sam,04.05.2023,https://www.stjornarradid.is/gogn/urskurdir-og-alit-/stakur-urskurdur/?newsid=29b58c53-ee56-11ed-9bb9-005056bc4727&cname=Mannanafnanefnd&cid=e219adf8-4214-11e7-941a-005056bc530c
3905,yngling,MI,Sam,17.12.2008,
1451,yngvar,DR,Sam,,
4586,yngveldur,ST,Sam,06.05.2016,
1452,yngvi,DR,Sam,,
3333,ynja,ST,Sam,,
4803,yrena,ST,Haf,20.11.2018,
3334,yrja,ST,Sam,,
1453,yrkill,DR,Sam,,
4894,yrkir,DR,Sam,03.10.2019,
6849,yrkja,ST,Sam,20.02.2025,https://www.stjornarradid.is/gogn/urskurdir-og-alit-/stakur-urskurdur/?newsid=311f8237-f05d-11ef-b88e-005056bcde1f&cname=Mannanafnanefnd&cid=e219adf8-4214-11e7-941a-005056bc530c
3335,yrsa,ST,Sam,,
5466,zachary,DR,Sam,05.01.2023,https://www.stjornarradid.is/gogn/urskurdir-og-alit-/stakur-urskurdur/?newsid=56c0ed96-964a-11ed-9bb4-005056bc4727&cname=Mannanafnanefnd&cid=e219adf8-4214-11e7-941a-005056bc530c
1456,zakaría,DR,Sam,,
1684,zakarías,RDR,Sam,,
3886,zar,DR,Haf,03.06.2016,
3887,zar,MI,Haf,22.05.2019,
5178,zar,DR,Sam,09.09.2021,
5179,zar,MI,Haf,09.09.2021,
5050,zebastian,DR,Haf,22.12.2020,
4718,zelda,ST,Haf,26.01.2018,
4908,zelda,ST,Haf,06.11.2019,
3415,zeppelin,MI,Haf,,
4699,zion,DR,Haf,27.10.2017,
5194,zion,DR,Sam,12.10.2021,
4550,zoe,ST,Haf,8.1.2016,
4836,zoe,ST,Sam,20.02.2019,
1685,zophanías,RDR,Sam,,
4647,zophia,ST,Haf,09.02.2017,
3495,zophonías,DR,Sam,11.03.2004,
4657,zophía,ST,Sam,17.03.2017,
4367,zoë,ST,Haf,29.11.2013,
5712,zulima,ST,Sam,02.10.2023,https://www.stjornarradid.is/gogn/urskurdir-og-alit-/stakur-urskurdur/?newsid=acdb29a4-61da-11ee-9bc0-005056bc4727&cname=Mannanafnanefnd&cid=e219adf8-4214-11e7-941a-005056bc530c
3786,zíta,ST,Haf,04.11.2009,
3946,zíta,MI,Haf,04.11.2009,
4042,zíta,MI,Haf,15.04.2010,
4790,zíta,ST,Sam,20.09.2018,
1457,zóphanías,DR,Sam,,
3558,zóphonías,RDR,Sam,16.11.2004,
141,ágúst,DR,Sam,,
1939,ágústa,ST,Sam,,
1940,ágústína,ST,Sam,,
142,áki,DR,Sam,,
4978,álfa,ST,Sam,22.06.2020,
3750,álfar,DR,Sam,06.06.2007,
1941,álfdís,ST,Sam,,
1942,álfey,ST,Sam,,
143,álfgeir,DR,Sam,,
1943,álfgerður,ST,Sam,,
144,álfgrímur,DR,Sam,,
1944,álfheiður,ST,Sam,,
1945,álfhildur,ST,Sam,,
5098,álfkell,DR,Sam,01.07.2021,https://www.stjornarradid.is/gogn/urskurdir-og-alit-/stakur-urskurdur/?newsid=2bca6b2c-db35-11eb-813d-005056bc8c60&cname=Mannanafnanefnd&cid=e219adf8-4214-11e7-941a-005056bc530c
3931,álfrós,ST,Sam,14.05.2009,
1946,álfrún,ST,Sam,,
1947,álfsól,ST,Sam,,
6371,álft,ST,Haf,03.09.2024,https://www.stjornarradid.is/gogn/urskurdir-og-alit-/stakur-urskurdur/?newsid=c96fa4b3-702f-11ef-b888-005056bcde1f&cname=Mannanafnanefnd&cid=e219adf8-4214-11e7-941a-005056bc530c
145,álfur,DR,Sam,,
146,álfþór,DR,Sam,,
147,ámundi,DR,Sam,,
5854,ár,KH,Sam,07.03.2024,https://www.stjornarradid.is/gogn/urskurdir-og-alit-/stakur-urskurdur/?newsid=d62d632f-e1e7-11ee-b883-005056bcde1f&cname=Mannanafnanefnd&cid=e219adf8-4214-11e7-941a-005056bc530c
4564,ára,ST,Sam,04.03.2016,
148,árbjartur,DR,Sam,,
1948,árbjörg,ST,Sam,,
149,árbjörn,DR,Sam,,
1949,árbjört,ST,Sam,,
1950,árdís,ST,Sam,,
1951,árelía,ST,Sam,,
150,árelíus,DR,Sam,,
7059,árey,ST,Sam,08.05.2025,https://www.stjornarradid.is/gogn/urskurdir-og-alit-/stakur-urskurdur/?newsid=364a7203-2fea-11f0-b891-005056bcde1f&cname=Mannanafnanefnd&cid=e219adf8-4214-11e7-941a-005056bc530c
151,árgeir,DR,Sam,,
152,árgils,DR,Sam,,
5749,árheim,MI,Sam,30.10.2023,https://www.stjornarradid.is/gogn/urskurdir-og-alit-/stakur-urskurdur/?newsid=7a61518e-77ce-11ee-9bc1-005056bc4727&cname=Mannanafnanefnd&cid=e219adf8-4214-11e7-941a-005056bc530c
4600,ári,DR,Sam,03.06.2016,
5711,árland,MI,Sam,02.10.2023,https://www.stjornarradid.is/gogn/urskurdir-og-alit-/stakur-urskurdur/?newsid=a9eecfa4-61dc-11ee-9bc0-005056bc4727&cname=Mannanafnanefnd&cid=e219adf8-4214-11e7-941a-005056bc530c
1952,árlaug,ST,Sam,,
153,ármann,DR,Sam,,
1953,ármey,ST,Sam,,
5192,ármúla,MI,Sam,12.10.2021,
1954,árna,ST,Sam,,
3393,árnason,MI,Haf,,
1955,árndís,ST,Sam,,
1956,árney,ST,Sam,,
1957,árnheiður,ST,Sam,,
154,árni,DR,Sam,,
1958,árnína,ST,Sam,,
1959,árný,ST,Sam,,
5211,árnþór,DR,Sam,17.11.2021,
1962,ársæl,ST,Sam,,
155,ársæll,DR,Sam,,
1961,ársól,ST,Sam,,
1963,árveig,ST,Sam,,
1786,árvin,ST,Haf,,
3949,árvök,ST,Sam,04.11.2009,
1960,áróra,ST,Sam,,
4136,árún,ST,Sam,12.5.2011,
1964,árþóra,ST,Sam,,
156,ás,DR,Sam,,
1965,ása,ST,Sam,,
4354,ásar,DR,Sam,05.09.2013,
157,ásberg,DR,Sam,,
158,ásbergur,DR,Sam,,
1966,ásbjörg,ST,Sam,,
159,ásbjörn,DR,Sam,,
1967,ásborg,ST,Sam,,
7819,ásbrandur,DR,Sam,20.01.2026,https://www.stjornarradid.is/gogn/urskurdir-og-alit-/stakur-urskurdur/?newsid=e79b06ce-f6ca-11f0-b899-005056bcde1f&cname=Mannanafnanefnd&cid=e219adf8-4214-11e7-941a-005056bc530c
1968,ásdís,ST,Sam,,
4456,ásdór,DR,Sam,31.10.2014,
1969,ásfríður,ST,Sam,,
160,ásgautur,DR,Sam,,
161,ásgeir,DR,Sam,,
1970,ásgerður,ST,Sam,,
162,ásgils,DR,Sam,,
163,ásgrímur,DR,Sam,,
1971,áshildur,ST,Sam,,
164,ási,DR,Sam,,
1972,áskatla,ST,Sam,,
165,áskell,DR,Sam,,
1973,ásla,ST,Sam,,
1974,áslaug,ST,Sam,,
166,áslaugur,DR,Sam,,
1975,ásleif,ST,Sam,,
167,áslákur,DR,Sam,,
168,ásmar,DR,Sam,,
169,ásmundur,DR,Sam,,
1976,ásný,ST,Sam,,
1977,ásrós,ST,Sam,,
171,ásröður,DR,Sam,,
1978,ásrún,ST,Sam,,
1545,áss,MI,Sam,,
4159,ást,ST,Sam,03.06.2011,
1979,ásta,ST,Sam,,
1980,ástbjörg,ST,Sam,,
172,ástbjörn,DR,Sam,,
1981,ástbjört,ST,Sam,,
6280,ástborg,ST,Sam,19.08.2024,https://www.stjornarradid.is/gogn/urskurdir-og-alit-/stakur-urskurdur/?newsid=faa93d8b-5fa1-11ef-b887-005056bcde1f&cname=Mannanafnanefnd&cid=e219adf8-4214-11e7-941a-005056bc530c
1982,ástdís,ST,Sam,,
4688,ástey,ST,Sam,22.09.2017,
1983,ástfríður,ST,Sam,,
173,ástgeir,DR,Sam,,
1984,ástgerður,ST,Sam,,
1985,ástheiður,ST,Sam,,
1986,ásthildur,ST,Sam,,
174,ástmar,DR,Sam,,
3510,ástmary,ST,Haf,28.05.2004,
5294,ástmarý,ST,Sam,26.01.2022,
175,ástmundur,DR,Sam,,
176,ástráður,DR,Sam,,
3426,ástríkur,DR,Sam,,
1987,ástríður,ST,Sam,,
1988,ástrós,ST,Sam,,
1989,ástrún,ST,Sam,,
8,ástvald,RDR,Sam,08.11.2007,
177,ástvaldur,DR,Sam,,
178,ástvar,DR,Sam,,
1990,ástveig,ST,Sam,,
179,ástvin,DR,Sam,,
6846,ástý,ST,Sam,20.02.2025,https://www.stjornarradid.is/gogn/urskurdir-og-alit-/stakur-urskurdur/?newsid=ec634229-f05a-11ef-b88e-005056bcde1f&cname=Mannanafnanefnd&cid=e219adf8-4214-11e7-941a-005056bc530c
1992,ástþrúður,ST,Sam,,
180,ástþór,DR,Sam,,
1991,ástþóra,ST,Sam,,
181,ásvaldur,DR,Sam,,
182,ásvarður,DR,Sam,,
1993,ásvör,ST,Sam,,
4820,ásynja,ST,Sam,28.01.2019,
170,ásólfur,DR,Sam,,
183,ásþór,DR,Sam,,
3383,ægileif,ST,Sam,,
1526,ægir,DR,Sam,,
5471,æja,ST,Sam,05.01.2023,https://www.stjornarradid.is/gogn/urskurdir-og-alit-/stakur-urskurdur/?newsid=0b293c63-934e-11ed-9bb4-005056bc4727&cname=Mannanafnanefnd&cid=e219adf8-4214-11e7-941a-005056bc530c
3384,æsa,ST,Sam,,
3385,æsgerður,ST,Sam,,
3710,æsir,DR,Sam,31.08.2006,
1527,ævar,DR,Sam,,
1528,ævarr,DR,Sam,,
4703,ævi,ST,Sam,24.11.2017,
5853,æví,ST,Sam,07.03.2024,https://www.stjornarradid.is/gogn/urskurdir-og-alit-/stakur-urskurdur/?newsid=277efba4-e1e8-11ee-b883-005056bcde1f&cname=Mannanafnanefnd&cid=e219adf8-4214-11e7-941a-005056bc530c
4371,ævör,ST,Sam,29.11.2013,
5219,éljagrímur,DR,Sam,17.11.2021,
799,ían,DR,Sam,,
2585,ída,ST,Sam,,
5858,íena,ST,Sam,07.03.2024,https://www.stjornarradid.is/gogn/urskurdir-og-alit-/stakur-urskurdur/?newsid=7cec3e6f-e1ee-11ee-b883-005056bcde1f&cname=Mannanafnanefnd&cid=e219adf8-4214-11e7-941a-005056bc530c
4138,ígor,DR,Sam,12.5.2011,
5865,íja,ST,Haf,07.03.2024,https://www.stjornarradid.is/gogn/urskurdir-og-alit-/stakur-urskurdur/?newsid=6183329d-e1f0-11ee-b883-005056bcde1f&cname=Mannanafnanefnd&cid=e219adf8-4214-11e7-941a-005056bc530c
5023,íkarus,DR,Sam,19.10.2020,
5400,ílena,ST,Sam,10.08.2022,
2586,íma,ST,Sam,,
800,ími,DR,Sam,,
2587,ína,ST,Sam,,
4748,ínes,ST,Sam,22.05.2018,
2588,ír,ST,Sam,,
2589,íren,ST,Sam,,
2590,írena,ST,Sam,,
2591,íris,ST,Sam,,
2592,írunn,ST,Sam,,
2593,ísabel,RST,Sam,,
2594,ísabella,ST,Sam,,
2595,ísadóra,ST,Sam,,
2596,ísafold,ST,Sam,,
801,ísak,DR,Sam,,
3553,ísalind,ST,Sam,16.11.2004,
802,ísar,DR,Sam,,
23,ísarr,DR,Haf,,
3727,ísarr,RDR,Sam,02.02.2007,
2597,ísbjörg,ST,Sam,,
3926,ísbjörn,DR,Sam,14.05.2009,
4567,ísbjört,ST,Sam,04.03.2016,
5003,ísbrá,ST,Sam,17.08.20,
2598,ísdís,ST,Sam,,
4744,ísdögg,ST,Sam,18.04.2018,
4295,íseldur,DR,Sam,11.12.2012,
4712,íselín,ST,Sam,22.12.2017,
2599,ísey,ST,Sam,,
7783,ísfjörð,MI,Sam,18.12.2025,https://www.stjornarradid.is/gogn/urskurdir-og-alit-/stakur-urskurdur/?newsid=21391614-dce2-11f0-b898-005056bcde1f&cname=Mannanafnanefnd&cid=e219adf8-4214-11e7-941a-005056bc530c
2600,ísfold,ST,Sam,,
803,ísgeir,DR,Sam,,
2601,ísgerður,ST,Sam,,
4420,íshak,DR,Haf,20.6.14,
2602,íshildur,ST,Sam,,
1588,íshólm,MI,Sam,,
804,ísidór,DR,Sam,,
4365,ísidóra,ST,Sam,29.11.2013,
2603,ísis,ST,Sam,,
5380,ísjak,DR,Haf,24.05.2022,
5385,ísjak,MI,Sam,20.06.2022,
3784,íslandssól,ST,Haf,13.02.2008,
2604,íslaug,ST,Sam,,
2605,ísleif,ST,Sam,,
805,ísleifur,DR,Sam,,
4382,íslilja,ST,Sam,10.2.2014,
806,ísmael,DR,Sam,,
3776,ísmar,DR,Sam,11.10.2006,
3574,ísmey,ST,Sam,04.03.2005,
4974,ísobel,ST,Sam,22.06.2020,
2606,ísold,ST,Sam,,
3979,ísrael,DR,Sam,23.12.2009,
2608,ísrún,ST,Sam,,
3723,íssól,ST,Óaf,29.12.2006 -frestað,
3757,íssól,ST,Sam,02.02.2007,
2609,ísveig,ST,Sam,,
5396,ísvöld,ST,Sam,20.06.2022,
2607,ísól,ST,Sam,,
807,ísólfur,DR,Sam,,
5220,ítalía,ST,Sam,17.11.2021,
2610,íunn,ST,Sam,,
2611,íva,ST,Sam,,
7464,ívalú,ST,Sam,18.09.2025,https://www.stjornarradid.is/gogn/urskurdir-og-alit-/stakur-urskurdur/?newsid=73d7fe99-9796-11f0-b895-005056bcde1f&cname=Mannanafnanefnd&cid=e219adf8-4214-11e7-941a-005056bc530c
808,ívan,DR,Sam,,
809,ívar,DR,Sam,,
5788,íviðja,ST,Sam,06.12.2023,https://www.stjornarradid.is/gogn/urskurdir-og-alit-/stakur-urskurdur/?newsid=90e0e6e0-94ed-11ee-b87f-005056bcde1f&cname=Mannanafnanefnd&cid=e219adf8-4214-11e7-941a-005056bc530c
5421,ívör,ST,Sam,05.09.2022,
5687,óbi,DR,Sam,05.09.2023,https://www.stjornarradid.is/gogn/urskurdir-og-alit-/stakur-urskurdur/?newsid=70e2fb19-61d6-11ee-9bc0-005056bc4727&cname=Mannanafnanefnd&cid=e219adf8-4214-11e7-941a-005056bc530c
2942,óda,ST,Sam,,
1064,ófeigur,DR,Sam,,
4312,ófelía,ST,Sam,07.02.2013,
5199,ói,DR,Sam,12.10.2021,
5527,ójón,DR,Haf,21.03.2023,https://www.stjornarradid.is/gogn/urskurdir-og-alit-/stakur-urskurdur/?newsid=6e66327a-c88f-11ed-9bb7-005056bc4727&cname=Mannanafnanefnd&cid=e219adf8-4214-11e7-941a-005056bc530c
2943,óla,ST,Sam,,
35,ólaf,DR,Haf,,
4537,ólaf,DR,Sam,30.09.2015,
1065,ólafur,DR,Sam,,
2944,ólafía,ST,Sam,,
2945,ólafína,ST,Sam,,
3456,ólasteina,ST,Haf,,
5094,ólasteina,ST,Haf,01.07.2021,https://www.stjornarradid.is/gogn/urskurdir-og-alit-/stakur-urskurdur/?newsid=23721727-db33-11eb-813d-005056bc8c60&cname=Mannanafnanefnd&cid=e219adf8-4214-11e7-941a-005056bc530c
1754,ólavía,RST,Sam,,
5011,óldal,MI,Sam,21.09.2020,
1603,ólfjörð,MI,Sam,,
1066,óli,DR,Sam,,
1668,óliver,RDR,Sam,,
4217,ólivía,ST,Sam,22.12.2011,
2946,ólína,ST,Sam,,
1067,ólíver,DR,Sam,,
2947,ólöf,ST,Sam,,
1068,ómar,DR,Sam,,
1069,ómi,DR,Sam,,
4642,ónar,DR,Sam,06.01.2017,
4641,ónarr,DR,Haf,06.01.2017,
4664,ónarr,DR,Sam,23.05.2017,
5783,óri,DR,Sam,06.12.2023,https://www.stjornarradid.is/gogn/urskurdir-og-alit-/stakur-urskurdur/?newsid=e6a52407-94ea-11ee-b87f-005056bcde1f&cname=Mannanafnanefnd&cid=e219adf8-4214-11e7-941a-005056bc530c
5295,óríon,DR,Sam,26.01.2022,
2948,ósa,ST,Sam,,
2949,ósk,ST,Sam,,
1070,óskar,DR,Sam,,
7136,óskir,ST,Haf,23.05.2025,https://www.stjornarradid.is/gogn/urskurdir-og-alit-/stakur-urskurdur/?newsid=4dc499d4-4c36-11f0-b892-005056bcde1f&cname=Mannanafnanefnd&cid=e219adf8-4214-11e7-941a-005056bc530c
4383,ósklín,ST,Sam,10.2.2014,
1604,ósland,MI,Sam,,
1605,ósmann,MI,Sam,,
1071,ósvald,DR,Sam,,
1072,ósvaldur,DR,Sam,,
1073,ósvífur,DR,Sam,,
3752,ótta,ST,Sam,06.06.2007,
1074,óttar,DR,Sam,,
1669,óttarr,RDR,Sam,,
7785,óðin,DR,Haf,18.12.2025,https://www.stjornarradid.is/gogn/urskurdir-og-alit-/stakur-urskurdur/?newsid=b255c62b-dce4-11f0-b898-005056bcde1f&cname=Mannanafnanefnd&cid=e219adf8-4214-11e7-941a-005056bc530c
1063,óðinn,DR,Sam,,
4432,óðný,ST,Sam,15.08.2014,
5948,óðr,DR,Haf,16.04.2024,https://www.stjornarradid.is/gogn/urskurdir-og-alit-/stakur-urskurdur/?newsid=8b3f5bd4-fd5c-11ee-b883-005056bcde1f&cname=Mannanafnanefnd&cid=e219adf8-4214-11e7-941a-005056bc530c
5949,óður,DR,Sam,16.04.2024,https://www.stjornarradid.is/gogn/urskurdir-og-alit-/stakur-urskurdur/?newsid=8b3f5bd4-fd5c-11ee-b883-005056bcde1f&cname=Mannanafnanefnd&cid=e219adf8-4214-11e7-941a-005056bc530c
3386,ögmunda,ST,Sam,,
1529,ögmundur,DR,Sam,,
3387,ögn,ST,Sam,,
1530,ögri,DR,Sam,,
1531,ölnir,DR,Sam,,
3388,ölrún,ST,Sam,,
3389,ölveig,ST,Sam,,
1532,ölver,DR,Sam,,
1533,ölvir,DR,Sam,,
1534,öndólfur,DR,Sam,,
1626,önfjörð,MI,Sam,,
1535,önundur,DR,Sam,,
1627,örbekk,MI,Sam,,
3390,örbrún,ST,Sam,,
3391,örk,ST,Sam,,
1536,örlaugur,DR,Sam,,
1537,örlygur,DR,Sam,,
1538,örn,DR,Sam,,
1831,örn,ST,Haf,18. desember 2001,
1539,örnólfur,DR,Sam,,
8540,örri,DR,Sam,30.07.2026,
1540,örvar,DR,Sam,,
3994,örvarr,DR,Haf,08.07.2009,
3392,ösp,ST,Sam,,
1541,össur,DR,Sam,,
3815,öxar,DR,Sam,16.05.2008,
3690,öxdal,MI,Sam,25.05.2006,
6713,öxi,ST,Sam,03.02.2025,https://www.stjornarradid.is/gogn/urskurdir-og-alit-/stakur-urskurdur/?newsid=99a6318e-e39d-11ef-b88e-005056bcde1f&cname=Mannanafnanefnd&cid=e219adf8-4214-11e7-941a-005056bc530c
1628,öxndal,MI,Sam,,
5683,özur,DR,Sam,25.08.2023,https://www.stjornarradid.is/gogn/urskurdir-og-alit-/stakur-urskurdur/?newsid=ed2e252d-4718-11ee-9bbe-005056bc4727&cname=Mannanafnanefnd&cid=e219adf8-4214-11e7-941a-005056bc530c
3268,úa,ST,Sam,,
3625,úddi,DR,Sam,10.08.2005,
1638,úlf,RDR,Haf,,
3269,úlfa,ST,Sam,,
1363,úlfar,DR,Sam,,
6502,úlfberg,MI,Sam,20.11.2024,https://www.stjornarradid.is/gogn/urskurdir-og-alit-/stakur-urskurdur/?newsid=ff649930-a74e-11ef-b88a-005056bcde1f&cname=Mannanafnanefnd&cid=e219adf8-4214-11e7-941a-005056bc530c
4481,úlfdal,MI,Sam,20.2.2015,
3270,úlfdís,ST,Sam,,
4309,úlfey,ST,Sam,07.02.2013,
1364,úlfgeir,DR,Sam,,
5169,úlfgrímur,DR,Sam,09.09.2021,
3271,úlfheiður,ST,Sam,,
3272,úlfhildur,ST,Sam,,
1365,úlfhéðinn,DR,Sam,,
1366,úlfkell,DR,Sam,,
1367,úlfljótur,DR,Sam,,
3273,úlfrún,ST,Sam,,
5426,úlfstað,MI,Sam,07.10.2022,
4225,úlftýr,DR,Sam,1.2.2012,
1368,úlfur,DR,Sam,,
3274,úlla,ST,Sam,,
1369,úlrik,DR,Sam,,
3755,úna,ST,Sam,28.04.2007,
3275,úndína,ST,Sam,,
1370,úranus,DR,Sam,,
3900,úranía,ST,Sam,12.11.2008,
3276,úrsúla,ST,Sam,,
5200,úrsúley,ST,Sam,12.10.2021,
5292,ýda,ST,Haf,26.01.2022,
5300,ýda,ST,Sam,01.03.2022,
4127,ýja,ST,Sam,4.4.2011,
4732,ýlfa,ST,Sam,20.03.2018,
4049,ýma,ST,Sam,27.05.2010,
1454,ýmir,DR,Sam,,
3336,ýr,ST,Sam,,
1455,ýrar,DR,Sam,,
1701,ýrena,RST,Haf,,
1827,ýrena,ST,Haf,,
1828,ýri,ST,Haf,,
7534,ýri,ST,Sam,07.10.2025,https://www.stjornarradid.is/gogn/urskurdir-og-alit-/stakur-urskurdur/?newsid=702414ac-a5e6-11f0-b896-005056bcde1f&cname=Mannanafnanefnd&cid=e219adf8-4214-11e7-941a-005056bc530c
3337,ýrr,ST,Sam,,
1829,ýrí,ST,Haf,,
4659,ýrún,ST,Sam,18.04.2017,
4164,þalía,ST,Sam,01.07.2011,
1458,þangbrandur,DR,Sam,,
3707,þeba,ST,Sam,31.08.2006,
1459,þengill,DR,Sam,,
1460,þeyr,DR,Sam,,
4215,þeódís,ST,Sam,22.12.2011,
6469,þeódór,DR,Sam,22.10.2024,https://www.stjornarradid.is/gogn/urskurdir-og-alit-/stakur-urskurdur/?newsid=b9307097-a74e-11ef-b88a-005056bcde1f&cname=Mannanafnanefnd&cid=e219adf8-4214-11e7-941a-005056bc530c
3338,þeódóra,ST,Sam,,
4514,þingey,MI,Haf,29.06.2015,
4515,þingey,ST,Sam,29.06.2015,
4170,þinur,DR,Sam,12.8.2011,
1461,þiðrandi,DR,Sam,,
1462,þiðrik,DR,Sam,,
1463,þjálfi,DR,Sam,,
1471,þjóstar,DR,Sam,,
1472,þjóstólfur,DR,Sam,,
3838,þjóðann,DR,Sam,26.09.2008,
4506,þjóðar,DR,Sam,04.06.2015,
3339,þjóðbjörg,ST,Sam,,
1464,þjóðbjörn,DR,Sam,,
1465,þjóðgeir,DR,Sam,,
3340,þjóðhildur,ST,Sam,,
1466,þjóðleifur,DR,Sam,,
1467,þjóðmar,DR,Sam,,
1469,þjóðrekur,DR,Sam,,
1470,þjóðvarður,DR,Sam,,
1468,þjóðólfur,DR,Sam,,
3612,þoka,ST,Sam,27.06.2005,
4319,þollý,ST,Sam,16.05.2013,
3813,þor,MI,Sam,15.05.2008,
1473,þorberg,DR,Sam,,
1474,þorbergur,DR,Sam,,
7462,þorbirna,ST,Sam,18.09.2025,https://www.stjornarradid.is/gogn/urskurdir-og-alit-/stakur-urskurdur/?newsid=9fb08627-9797-11f0-b895-005056bcde1f&cname=Mannanafnanefnd&cid=e219adf8-4214-11e7-941a-005056bc530c
3341,þorbjörg,ST,Sam,,
1475,þorbjörn,DR,Sam,,
1476,þorbrandur,DR,Sam,,
4553,þorbrá,ST,Sam,8.1.2016,
4554,þorbrá,ST,Sam,8.1.2016,
3342,þorfinna,ST,Sam,,
1477,þorfinnur,DR,Sam,,
1478,þorgarður,DR,Sam,,
1479,þorgautur,DR,Sam,,
1480,þorgeir,DR,Sam,,
3343,þorgerður,ST,Sam,,
1481,þorgestur,DR,Sam,,
1482,þorgils,DR,Sam,,
1484,þorgnýr,DR,Sam,,
3344,þorgríma,ST,Sam,,
1485,þorgrímur,DR,Sam,,
1483,þorgísl,DR,Sam,,
3345,þorkatla,ST,Sam,,
1486,þorkell,DR,Sam,,
3346,þorlaug,ST,Sam,,
1487,þorlaugur,DR,Sam,,
3347,þorleif,ST,Sam,,
1489,þorleifur,DR,Sam,,
1490,þorleikur,DR,Sam,,
1488,þorlákur,DR,Sam,,
1491,þormar,DR,Sam,,
1493,þormundur,DR,Sam,,
1492,þormóður,DR,Sam,,
1494,þorri,DR,Sam,,
5252,þorskfjörð,MI,Sam,16.12.2021,
3348,þorsteina,ST,Sam,,
1495,þorsteinn,DR,Sam,,
3349,þorstína,ST,Sam,,
1496,þorvaldur,DR,Sam,,
1497,þorvar,DR,Sam,,
1498,þorvarður,DR,Sam,,
1519,þrastar,DR,Sam,,
3656,þrastar,MI,Sam,21.12.2005,
5860,þruma,ST,Sam,07.03.2024,https://www.stjornarradid.is/gogn/urskurdir-og-alit-/stakur-urskurdur/?newsid=257d2c07-e1e9-11ee-b883-005056bcde1f&cname=Mannanafnanefnd&cid=e219adf8-4214-11e7-941a-005056bc530c
4632,þrymir,DR,Sam,28.10.2016,
1523,þrymur,DR,Sam,,
3374,þrá,ST,Sam,,
1520,þráinn,DR,Sam,,
1521,þrándur,DR,Sam,,
3824,þróttur,DR,Sam,28.07.2008,
1524,þröstur,DR,Sam,,
3974,þrúða,ST,Sam,21.01.2010,
1522,þrúðmar,DR,Sam,,
3375,þrúður,ST,Sam,,
3376,þula,ST,Sam,,
3377,þura,ST,Sam,,
1772,þurí,RST,Sam,,
3378,þuríður,ST,Sam,,
3379,þurý,ST,Sam,,
5782,þyra,ST,Sam,06.12.2023,https://www.stjornarradid.is/gogn/urskurdir-og-alit-/stakur-urskurdur/?newsid=aa609a46-94ea-11ee-b87f-005056bcde1f&cname=Mannanafnanefnd&cid=e219adf8-4214-11e7-941a-005056bc530c
3381,þyri,ST,Sam,,
4467,þyrill,DR,Sam,22.12.2014,
1525,þyrnir,DR,Sam,,
4331,þyrnirós,ST,Sam,05.07.2013,
1773,þyrí,RST,Sam,,
1499,þór,DR,Sam,,
3350,þóra,ST,Sam,,
3351,þóranna,ST,Sam,,
4026,þórar,DR,Sam,08.03.2010,
1500,þórarinn,DR,Sam,,
3352,þórarna,ST,Sam,,
5678,þórberg,DR,Sam,25.08.2023,https://www.stjornarradid.is/gogn/urskurdir-og-alit-/stakur-urskurdur/?newsid=8c0d1945-471a-11ee-9bbe-005056bc4727&cname=Mannanafnanefnd&cid=e219adf8-4214-11e7-941a-005056bc530c
1501,þórbergur,DR,Sam,,
4487,þórbjarni,DR,Sam,23.03.2015,
3353,þórbjörg,ST,Sam,,
4109,þórbjörn,DR,Sam,21.01.2011,
3354,þórdís,ST,Sam,,
3355,þórelfa,ST,Sam,,
3356,þórelfur,ST,Sam,,
3357,þórey,ST,Sam,,
3358,þórfríður,ST,Sam,,
1503,þórgnýr,DR,Sam,,
1504,þórgrímur,DR,Sam,,
3359,þórgunna,ST,Sam,,
3360,þórgunnur,ST,Sam,,
1505,þórhaddur,DR,Sam,,
3361,þórhalla,ST,Sam,,
1506,þórhalli,DR,Sam,,
1507,þórhallur,DR,Sam,,
3362,þórhanna,ST,Sam,,
5852,þórhannes,DR,Sam,07.03.2024,https://www.stjornarradid.is/gogn/urskurdir-og-alit-/stakur-urskurdur/?newsid=781472fd-e1e5-11ee-b883-005056bcde1f&cname=Mannanafnanefnd&cid=e219adf8-4214-11e7-941a-005056bc530c
3363,þórheiður,ST,Sam,,
3364,þórhildur,ST,Sam,,
4444,þóri,DR,Sam,3.10.2014,
4344,þórinn,DR,Sam,29.07.2013,
1508,þórir,DR,Sam,,
3365,þórkatla,ST,Sam,,
3366,þórlaug,ST,Sam,,
1509,þórlaugur,DR,Sam,,
3367,þórleif,ST,Sam,,
1510,þórleifur,DR,Sam,,
1511,þórlindur,DR,Sam,,
1512,þórmar,DR,Sam,,
1513,þórmundur,DR,Sam,,
3368,þórný,ST,Sam,,
3369,þórodda,ST,Sam,,
1514,þóroddur,DR,Sam,,
1515,þórormur,DR,Sam,,
1771,þórsteina,RST,Sam,,
1517,þórsteinn,DR,Sam,,
4251,þórsteinunn,ST,Haf,14.05.2012,
4255,þórsteinunn,ST,Sam,21.05.2012,
3370,þórstína,ST,Sam,,
3371,þórunn,ST,Sam,,
1830,þórunnbjörg,ST,Haf,,
5379,þórunnbjörg,ST,Sam,24.05.2022,
5302,þórunnborg,ST,Sam,01.03.2022,
3372,þórveig,ST,Sam,,
3373,þórvör,ST,Sam,,
5450,þórína,ST,Sam,30.11.2022,
4046,þórða,ST,Sam,12.05.2010,
1502,þórður,DR,Sam,,
1516,þórólfur,DR,Sam,,
1518,þórörn,DR,Sam,,
3382,þöll,ST,Sam,,
3380,þúfa,ST,Sam,,
